activity_comment,activity_id,activity_properties,assay_chembl_id,assay_description,assay_type,assay_variant_accession,assay_variant_mutation,bao_endpoint,bao_format,bao_label,canonical_smiles,data_validity_comment,data_validity_description,document_chembl_id,document_journal,document_year,ligand_efficiency,molecule_chembl_id,molecule_pref_name,parent_molecule_chembl_id,pchembl_value,potential_duplicate,qudt_units,record_id,relation,src_id,standard_flag,standard_relation,standard_text_value,standard_type,standard_units,standard_upper_value,standard_value,target_chembl_id,target_organism,target_pref_name,target_tax_id,text_value,toid,type,units,uo_units,upper_value,value
408825,17774184,[],CHEMBL3888551,"Enzyme Inhibition Assay : Plasmepsin-2 (PM-2; Plm II) and Plasmepsin (PM-4; Plm IV) expression and purification was performed following the published protocols (Istvan E S and Goldberg D E, 2005). The final purified protein was activated by diluting the protein to 0.3 mg/mL in activating buffer (0.1 M citrate pH 4.5, 0.1% Tween-20, 50 mM dithiothreitol) and incubated at room temperature for 40 min, then the activated enzyme was diluted in assay buffer (50 mM sodium acetate pH 4.7, 0.01% Tween-20). The enzymatic inhibition reaction was performed in 384 well plates with a total volume of 20 μl. 10 μl of diluted PM-2 or PM-4 enzyme was added to the 384-well plate except blank wells (blank wells add 10 μL of assay buffer) and 20 nL of serials of diluted 1000× compounds were added to the wells with 520 Echo® Liquid Handling System (Labcyte Inc.). 10 μL PM-2 peptide substrate (AnaSpec, Cat#, 62050) with assay buffer was then added to final concentration of 20 μM to start the reaction.",B,,,BAO_0000190,BAO_0000019,assay format,CCC(CN1C(=N)NC(c2ccccc2)(c2ccccc2)C1=O)c1ccccc1,,,CHEMBL3886201,,2016,"{'bei': '19.16', 'le': '0.35', 'lle': '2.86', 'sei': '13.07'}",CHEMBL588662,,CHEMBL588662,7.35,False,http://www.openphacts.org/units/Nanomolar,2884412,=,37,True,=,,IC50,nM,,45.0,CHEMBL3988607,Plasmodium falciparum,Plasmepsin 4,5833,,,IC50,nM,UO_0000065,,45.0
408826,17774185,[],CHEMBL3888551,"Enzyme Inhibition Assay : Plasmepsin-2 (PM-2; Plm II) and Plasmepsin (PM-4; Plm IV) expression and purification was performed following the published protocols (Istvan E S and Goldberg D E, 2005). The final purified protein was activated by diluting the protein to 0.3 mg/mL in activating buffer (0.1 M citrate pH 4.5, 0.1% Tween-20, 50 mM dithiothreitol) and incubated at room temperature for 40 min, then the activated enzyme was diluted in assay buffer (50 mM sodium acetate pH 4.7, 0.01% Tween-20). The enzymatic inhibition reaction was performed in 384 well plates with a total volume of 20 μl. 10 μl of diluted PM-2 or PM-4 enzyme was added to the 384-well plate except blank wells (blank wells add 10 μL of assay buffer) and 20 nL of serials of diluted 1000× compounds were added to the wells with 520 Echo® Liquid Handling System (Labcyte Inc.). 10 μL PM-2 peptide substrate (AnaSpec, Cat#, 62050) with assay buffer was then added to final concentration of 20 μM to start the reaction.",B,,,BAO_0000190,BAO_0000019,assay format,COc1ccc(C2(c3ccc(OC)cc3)NC(=O)N(C3CCCCC3)C2=O)cc1,,,CHEMBL3886201,,2016,,CHEMBL3109518,,CHEMBL3109518,,False,http://www.openphacts.org/units/Nanomolar,2884413,>,37,True,>,,IC50,nM,,10000.0,CHEMBL3988607,Plasmodium falciparum,Plasmepsin 4,5833,,,IC50,nM,UO_0000065,,10000.0
408827,17774186,[],CHEMBL3888551,"Enzyme Inhibition Assay : Plasmepsin-2 (PM-2; Plm II) and Plasmepsin (PM-4; Plm IV) expression and purification was performed following the published protocols (Istvan E S and Goldberg D E, 2005). The final purified protein was activated by diluting the protein to 0.3 mg/mL in activating buffer (0.1 M citrate pH 4.5, 0.1% Tween-20, 50 mM dithiothreitol) and incubated at room temperature for 40 min, then the activated enzyme was diluted in assay buffer (50 mM sodium acetate pH 4.7, 0.01% Tween-20). The enzymatic inhibition reaction was performed in 384 well plates with a total volume of 20 μl. 10 μl of diluted PM-2 or PM-4 enzyme was added to the 384-well plate except blank wells (blank wells add 10 μL of assay buffer) and 20 nL of serials of diluted 1000× compounds were added to the wells with 520 Echo® Liquid Handling System (Labcyte Inc.). 10 μL PM-2 peptide substrate (AnaSpec, Cat#, 62050) with assay buffer was then added to final concentration of 20 μM to start the reaction.",B,,,BAO_0000190,BAO_0000019,assay format,COc1ccc(C2(c3ccc(OC)cc3)NC(=N)N(C3CCCCC3)C2=O)cc1,,,CHEMBL3886201,,2016,"{'bei': '19.88', 'le': '0.37', 'lle': '4.17', 'sei': '10.48'}",CHEMBL3109542,,CHEMBL3109542,7.82,False,http://www.openphacts.org/units/Nanomolar,2884415,=,37,True,=,,IC50,nM,,15.0,CHEMBL3988607,Plasmodium falciparum,Plasmepsin 4,5833,,,IC50,nM,UO_0000065,,15.0
408828,17774187,[],CHEMBL3888551,"Enzyme Inhibition Assay : Plasmepsin-2 (PM-2; Plm II) and Plasmepsin (PM-4; Plm IV) expression and purification was performed following the published protocols (Istvan E S and Goldberg D E, 2005). The final purified protein was activated by diluting the protein to 0.3 mg/mL in activating buffer (0.1 M citrate pH 4.5, 0.1% Tween-20, 50 mM dithiothreitol) and incubated at room temperature for 40 min, then the activated enzyme was diluted in assay buffer (50 mM sodium acetate pH 4.7, 0.01% Tween-20). The enzymatic inhibition reaction was performed in 384 well plates with a total volume of 20 μl. 10 μl of diluted PM-2 or PM-4 enzyme was added to the 384-well plate except blank wells (blank wells add 10 μL of assay buffer) and 20 nL of serials of diluted 1000× compounds were added to the wells with 520 Echo® Liquid Handling System (Labcyte Inc.). 10 μL PM-2 peptide substrate (AnaSpec, Cat#, 62050) with assay buffer was then added to final concentration of 20 μM to start the reaction.",B,,,BAO_0000190,BAO_0000019,assay format,COc1ccc(C2(c3ccc(OC)cc3)NC(=N)N(C3CCOCC3)C2=O)cc1,,,CHEMBL3886201,,2016,"{'bei': '19.58', 'le': '0.36', 'lle': '5.25', 'sei': '9.23'}",CHEMBL3109544,,CHEMBL3109544,7.75,False,http://www.openphacts.org/units/Nanomolar,2884416,=,37,True,=,,IC50,nM,,18.0,CHEMBL3988607,Plasmodium falciparum,Plasmepsin 4,5833,,,IC50,nM,UO_0000065,,18.0
408829,17774188,[],CHEMBL3888551,"Enzyme Inhibition Assay : Plasmepsin-2 (PM-2; Plm II) and Plasmepsin (PM-4; Plm IV) expression and purification was performed following the published protocols (Istvan E S and Goldberg D E, 2005). The final purified protein was activated by diluting the protein to 0.3 mg/mL in activating buffer (0.1 M citrate pH 4.5, 0.1% Tween-20, 50 mM dithiothreitol) and incubated at room temperature for 40 min, then the activated enzyme was diluted in assay buffer (50 mM sodium acetate pH 4.7, 0.01% Tween-20). The enzymatic inhibition reaction was performed in 384 well plates with a total volume of 20 μl. 10 μl of diluted PM-2 or PM-4 enzyme was added to the 384-well plate except blank wells (blank wells add 10 μL of assay buffer) and 20 nL of serials of diluted 1000× compounds were added to the wells with 520 Echo® Liquid Handling System (Labcyte Inc.). 10 μL PM-2 peptide substrate (AnaSpec, Cat#, 62050) with assay buffer was then added to final concentration of 20 μM to start the reaction.",B,,,BAO_0000190,BAO_0000019,assay format,COc1ccc(C2(c3ccc(OC)cc3)NC(=N)N(C3CCNCC3)C2=O)cc1,,,CHEMBL3886201,,2016,"{'bei': '17.03', 'le': '0.32', 'lle': '4.65', 'sei': '7.75'}",CHEMBL3109546,,CHEMBL3109546,6.72,False,http://www.openphacts.org/units/Nanomolar,2884417,=,37,True,=,,IC50,nM,,192.0,CHEMBL3988607,Plasmodium falciparum,Plasmepsin 4,5833,,,IC50,nM,UO_0000065,,192.0
408830,17774189,[],CHEMBL3888551,"Enzyme Inhibition Assay : Plasmepsin-2 (PM-2; Plm II) and Plasmepsin (PM-4; Plm IV) expression and purification was performed following the published protocols (Istvan E S and Goldberg D E, 2005). The final purified protein was activated by diluting the protein to 0.3 mg/mL in activating buffer (0.1 M citrate pH 4.5, 0.1% Tween-20, 50 mM dithiothreitol) and incubated at room temperature for 40 min, then the activated enzyme was diluted in assay buffer (50 mM sodium acetate pH 4.7, 0.01% Tween-20). The enzymatic inhibition reaction was performed in 384 well plates with a total volume of 20 μl. 10 μl of diluted PM-2 or PM-4 enzyme was added to the 384-well plate except blank wells (blank wells add 10 μL of assay buffer) and 20 nL of serials of diluted 1000× compounds were added to the wells with 520 Echo® Liquid Handling System (Labcyte Inc.). 10 μL PM-2 peptide substrate (AnaSpec, Cat#, 62050) with assay buffer was then added to final concentration of 20 μM to start the reaction.",B,,,BAO_0000190,BAO_0000019,assay format,COc1ccc(C2(c3ccc(OC)cc3)NC(=N)N(C3CCN(C)CC3)C2=O)cc1,,,CHEMBL3886201,,2016,"{'bei': '17.04', 'le': '0.32', 'lle': '4.55', 'sei': '8.94'}",CHEMBL3109547,,CHEMBL3109547,6.96,False,http://www.openphacts.org/units/Nanomolar,2884418,=,37,True,=,,IC50,nM,,109.0,CHEMBL3988607,Plasmodium falciparum,Plasmepsin 4,5833,,,IC50,nM,UO_0000065,,109.0
408831,17774190,[],CHEMBL3888551,"Enzyme Inhibition Assay : Plasmepsin-2 (PM-2; Plm II) and Plasmepsin (PM-4; Plm IV) expression and purification was performed following the published protocols (Istvan E S and Goldberg D E, 2005). The final purified protein was activated by diluting the protein to 0.3 mg/mL in activating buffer (0.1 M citrate pH 4.5, 0.1% Tween-20, 50 mM dithiothreitol) and incubated at room temperature for 40 min, then the activated enzyme was diluted in assay buffer (50 mM sodium acetate pH 4.7, 0.01% Tween-20). The enzymatic inhibition reaction was performed in 384 well plates with a total volume of 20 μl. 10 μl of diluted PM-2 or PM-4 enzyme was added to the 384-well plate except blank wells (blank wells add 10 μL of assay buffer) and 20 nL of serials of diluted 1000× compounds were added to the wells with 520 Echo® Liquid Handling System (Labcyte Inc.). 10 μL PM-2 peptide substrate (AnaSpec, Cat#, 62050) with assay buffer was then added to final concentration of 20 μM to start the reaction.",B,,,BAO_0000190,BAO_0000019,assay format,COc1ccc(C2(c3ccc(OC)cc3)NC(=N)N(C3CCN(C(=O)OC(C)(C)C)CC3)C2=O)cc1,,,CHEMBL3886201,,2016,"{'bei': '16.18', 'le': '0.30', 'lle': '4.29', 'sei': '7.68'}",CHEMBL3109548,,CHEMBL3109548,8.00,False,http://www.openphacts.org/units/Nanomolar,2884419,=,37,True,=,,IC50,nM,,10.0,CHEMBL3988607,Plasmodium falciparum,Plasmepsin 4,5833,,,IC50,nM,UO_0000065,,10.0
408832,17774191,[],CHEMBL3888551,"Enzyme Inhibition Assay : Plasmepsin-2 (PM-2; Plm II) and Plasmepsin (PM-4; Plm IV) expression and purification was performed following the published protocols (Istvan E S and Goldberg D E, 2005). The final purified protein was activated by diluting the protein to 0.3 mg/mL in activating buffer (0.1 M citrate pH 4.5, 0.1% Tween-20, 50 mM dithiothreitol) and incubated at room temperature for 40 min, then the activated enzyme was diluted in assay buffer (50 mM sodium acetate pH 4.7, 0.01% Tween-20). The enzymatic inhibition reaction was performed in 384 well plates with a total volume of 20 μl. 10 μl of diluted PM-2 or PM-4 enzyme was added to the 384-well plate except blank wells (blank wells add 10 μL of assay buffer) and 20 nL of serials of diluted 1000× compounds were added to the wells with 520 Echo® Liquid Handling System (Labcyte Inc.). 10 μL PM-2 peptide substrate (AnaSpec, Cat#, 62050) with assay buffer was then added to final concentration of 20 μM to start the reaction.",B,,,BAO_0000190,BAO_0000019,assay format,COc1ccc(C2(c3ccc(OC)cc3)NC(=N)N(CC3CCOCC3)C2=O)cc1,,,CHEMBL3886201,,2016,"{'bei': '17.65', 'le': '0.33', 'lle': '4.49', 'sei': '8.62'}",CHEMBL3109550,,CHEMBL3109550,7.23,False,http://www.openphacts.org/units/Nanomolar,2884420,=,37,True,=,,IC50,nM,,59.0,CHEMBL3988607,Plasmodium falciparum,Plasmepsin 4,5833,,,IC50,nM,UO_0000065,,59.0
408833,17774192,[],CHEMBL3888551,"Enzyme Inhibition Assay : Plasmepsin-2 (PM-2; Plm II) and Plasmepsin (PM-4; Plm IV) expression and purification was performed following the published protocols (Istvan E S and Goldberg D E, 2005). The final purified protein was activated by diluting the protein to 0.3 mg/mL in activating buffer (0.1 M citrate pH 4.5, 0.1% Tween-20, 50 mM dithiothreitol) and incubated at room temperature for 40 min, then the activated enzyme was diluted in assay buffer (50 mM sodium acetate pH 4.7, 0.01% Tween-20). The enzymatic inhibition reaction was performed in 384 well plates with a total volume of 20 μl. 10 μl of diluted PM-2 or PM-4 enzyme was added to the 384-well plate except blank wells (blank wells add 10 μL of assay buffer) and 20 nL of serials of diluted 1000× compounds were added to the wells with 520 Echo® Liquid Handling System (Labcyte Inc.). 10 μL PM-2 peptide substrate (AnaSpec, Cat#, 62050) with assay buffer was then added to final concentration of 20 μM to start the reaction.",B,,,BAO_0000190,BAO_0000019,assay format,COc1cccc(C2(c3cccc(OC)c3)NC(=N)N(C3CCCCC3)C2=O)c1,,,CHEMBL3886201,,2016,"{'bei': '18.77', 'le': '0.35', 'lle': '3.74', 'sei': '9.90'}",CHEMBL3109551,,CHEMBL3109551,7.39,False,http://www.openphacts.org/units/Nanomolar,2884421,=,37,True,=,,IC50,nM,,41.0,CHEMBL3988607,Plasmodium falciparum,Plasmepsin 4,5833,,,IC50,nM,UO_0000065,,41.0
408834,17774193,[],CHEMBL3888551,"Enzyme Inhibition Assay : Plasmepsin-2 (PM-2; Plm II) and Plasmepsin (PM-4; Plm IV) expression and purification was performed following the published protocols (Istvan E S and Goldberg D E, 2005). The final purified protein was activated by diluting the protein to 0.3 mg/mL in activating buffer (0.1 M citrate pH 4.5, 0.1% Tween-20, 50 mM dithiothreitol) and incubated at room temperature for 40 min, then the activated enzyme was diluted in assay buffer (50 mM sodium acetate pH 4.7, 0.01% Tween-20). The enzymatic inhibition reaction was performed in 384 well plates with a total volume of 20 μl. 10 μl of diluted PM-2 or PM-4 enzyme was added to the 384-well plate except blank wells (blank wells add 10 μL of assay buffer) and 20 nL of serials of diluted 1000× compounds were added to the wells with 520 Echo® Liquid Handling System (Labcyte Inc.). 10 μL PM-2 peptide substrate (AnaSpec, Cat#, 62050) with assay buffer was then added to final concentration of 20 μM to start the reaction.",B,,,BAO_0000190,BAO_0000019,assay format,COc1ccc(C2(c3cccc(-c4cccnc4)c3)NC(=N)N(C3CCCCC3)C2=O)cc1,,,CHEMBL3886201,,2016,"{'bei': '18.51', 'le': '0.34', 'lle': '3.45', 'sei': '10.41'}",CHEMBL3109520,,CHEMBL3109520,8.15,False,http://www.openphacts.org/units/Nanomolar,2884422,=,37,True,=,,IC50,nM,,7.0,CHEMBL3988607,Plasmodium falciparum,Plasmepsin 4,5833,,,IC50,nM,UO_0000065,,7.0
408835,17774194,[],CHEMBL3888551,"Enzyme Inhibition Assay : Plasmepsin-2 (PM-2; Plm II) and Plasmepsin (PM-4; Plm IV) expression and purification was performed following the published protocols (Istvan E S and Goldberg D E, 2005). The final purified protein was activated by diluting the protein to 0.3 mg/mL in activating buffer (0.1 M citrate pH 4.5, 0.1% Tween-20, 50 mM dithiothreitol) and incubated at room temperature for 40 min, then the activated enzyme was diluted in assay buffer (50 mM sodium acetate pH 4.7, 0.01% Tween-20). The enzymatic inhibition reaction was performed in 384 well plates with a total volume of 20 μl. 10 μl of diluted PM-2 or PM-4 enzyme was added to the 384-well plate except blank wells (blank wells add 10 μL of assay buffer) and 20 nL of serials of diluted 1000× compounds were added to the wells with 520 Echo® Liquid Handling System (Labcyte Inc.). 10 μL PM-2 peptide substrate (AnaSpec, Cat#, 62050) with assay buffer was then added to final concentration of 20 μM to start the reaction.",B,,,BAO_0000190,BAO_0000019,assay format,N=C1NC(c2ccccc2)(c2cccc(-c3cccnc3)c2)C(=O)N1C1CCCCC1,,,CHEMBL3886201,,2016,"{'bei': '18.29', 'le': '0.33', 'lle': '2.82', 'sei': '10.87'}",CHEMBL3109522,,CHEMBL3109522,7.51,False,http://www.openphacts.org/units/Nanomolar,2836316,=,37,True,=,,IC50,nM,,31.0,CHEMBL3988607,Plasmodium falciparum,Plasmepsin 4,5833,,,IC50,nM,UO_0000065,,31.0
,18586425,[],CHEMBL4223546,Inhibition of Plasmodium falciparum plasmepsin 4 using DABCYL-Glu-Arg-Nle-Phe-Leu-Ser-Phe-Pro-EDANS as substrate preincubated for 30 mins followed by substrate addition measured every 1 min within 8 to 15 mins by FRET assay,B,,,BAO_0000190,BAO_0000357,single protein format,CC(C)CC(=O)N[C@H](C(=O)N[C@H](C(=O)N[C@@H](CC(C)C)[C@@H](O)CC(=O)N[C@@H](C)C(=O)N[C@@H](CC(C)C)[C@@H](O)CC(=O)O)C(C)C)C(C)C,,,CHEMBL4219216,Bioorg Med Chem,2018,"{'bei': '13.88', 'le': '0.27', 'lle': '8.05', 'sei': '4.27'}",CHEMBL296588,PEPSTATIN,CHEMBL296588,9.52,False,http://www.openphacts.org/units/Nanomolar,3086557,=,1,True,=,,IC50,nM,,0.3,CHEMBL3988607,Plasmodium falciparum,Plasmepsin 4,5833,,,IC50,nM,UO_0000065,,0.3
,18586426,[],CHEMBL4223546,Inhibition of Plasmodium falciparum plasmepsin 4 using DABCYL-Glu-Arg-Nle-Phe-Leu-Ser-Phe-Pro-EDANS as substrate preincubated for 30 mins followed by substrate addition measured every 1 min within 8 to 15 mins by FRET assay,B,,,BAO_0000190,BAO_0000357,single protein format,CCCCCCCCc1cc(CCC(=O)O)c2c(=O)n(CC3CCCO3)c(N)nc2c1,,,CHEMBL4219216,Bioorg Med Chem,2018,"{'bei': '16.20', 'le': '0.31', 'lle': '2.88', 'sei': '6.48'}",CHEMBL4225298,,CHEMBL4225298,6.96,False,http://www.openphacts.org/units/Nanomolar,3086556,=,1,True,=,,IC50,nM,,110.0,CHEMBL3988607,Plasmodium falciparum,Plasmepsin 4,5833,,,IC50,uM,UO_0000065,,0.11
,18586427,[],CHEMBL4223546,Inhibition of Plasmodium falciparum plasmepsin 4 using DABCYL-Glu-Arg-Nle-Phe-Leu-Ser-Phe-Pro-EDANS as substrate preincubated for 30 mins followed by substrate addition measured every 1 min within 8 to 15 mins by FRET assay,B,,,BAO_0000190,BAO_0000357,single protein format,Nc1nc2cc(-c3ccc(CCCc4ccccc4)cc3-c3ccc(C(=O)O)cc3)ccc2c(=O)n1CC1CCCO1,,,CHEMBL4219216,Bioorg Med Chem,2018,"{'bei': '13.52', 'le': '0.25', 'lle': '1.20', 'sei': '7.04'}",CHEMBL4226144,,CHEMBL4226144,7.57,False,http://www.openphacts.org/units/Nanomolar,3086555,=,1,True,=,,IC50,nM,,27.0,CHEMBL3988607,Plasmodium falciparum,Plasmepsin 4,5833,,,IC50,uM,UO_0000065,,0.027
,18586428,[],CHEMBL4223546,Inhibition of Plasmodium falciparum plasmepsin 4 using DABCYL-Glu-Arg-Nle-Phe-Leu-Ser-Phe-Pro-EDANS as substrate preincubated for 30 mins followed by substrate addition measured every 1 min within 8 to 15 mins by FRET assay,B,,,BAO_0000190,BAO_0000357,single protein format,Nc1nc2cc(-c3ccc(CCCc4ccccc4)cc3)cc(CCC(=O)O)c2c(=O)n1CC1CCCO1,,,CHEMBL4219216,Bioorg Med Chem,2018,"{'bei': '14.70', 'le': '0.27', 'lle': '2.50', 'sei': '7.00'}",CHEMBL4228072,,CHEMBL4228072,7.52,False,http://www.openphacts.org/units/Nanomolar,3086554,=,1,True,=,,IC50,nM,,30.0,CHEMBL3988607,Plasmodium falciparum,Plasmepsin 4,5833,,,IC50,uM,UO_0000065,,0.03
,18586429,[],CHEMBL4223546,Inhibition of Plasmodium falciparum plasmepsin 4 using DABCYL-Glu-Arg-Nle-Phe-Leu-Ser-Phe-Pro-EDANS as substrate preincubated for 30 mins followed by substrate addition measured every 1 min within 8 to 15 mins by FRET assay,B,,,BAO_0000190,BAO_0000357,single protein format,CCCCCc1ccc(-c2cc(-c3ccc(C(=O)O)cc3)c3c(=O)n(CC4CCCO4)c(N)nc3c2)cc1,,,CHEMBL4219216,Bioorg Med Chem,2018,"{'bei': '14.36', 'le': '0.26', 'lle': '1.43', 'sei': '6.84'}",CHEMBL4227074,,CHEMBL4227074,7.35,False,http://www.openphacts.org/units/Nanomolar,3086553,=,1,True,=,,IC50,nM,,45.0,CHEMBL3988607,Plasmodium falciparum,Plasmepsin 4,5833,,,IC50,uM,UO_0000065,,0.045
,18586430,[],CHEMBL4223546,Inhibition of Plasmodium falciparum plasmepsin 4 using DABCYL-Glu-Arg-Nle-Phe-Leu-Ser-Phe-Pro-EDANS as substrate preincubated for 30 mins followed by substrate addition measured every 1 min within 8 to 15 mins by FRET assay,B,,,BAO_0000190,BAO_0000357,single protein format,CCCCCc1ccc(-c2cc(CCC(=O)O)c3c(=O)n(CC4CCCO4)c(N)nc3c2)cc1,,,CHEMBL4219216,Bioorg Med Chem,2018,"{'bei': '15.91', 'le': '0.30', 'lle': '2.81', 'sei': '6.87'}",CHEMBL4225824,,CHEMBL4225824,7.38,True,http://www.openphacts.org/units/Nanomolar,3086552,=,1,True,=,,IC50,nM,,42.0,CHEMBL3988607,Plasmodium falciparum,Plasmepsin 4,5833,,,IC50,uM,UO_0000065,,0.042
,18586431,[],CHEMBL4223546,Inhibition of Plasmodium falciparum plasmepsin 4 using DABCYL-Glu-Arg-Nle-Phe-Leu-Ser-Phe-Pro-EDANS as substrate preincubated for 30 mins followed by substrate addition measured every 1 min within 8 to 15 mins by FRET assay,B,,,BAO_0000190,BAO_0000357,single protein format,CCCCCCCCc1ccc(-c2ccc3c(=O)n(C[C@@H]4CC[C@H](c5ccccc5)O4)c(N)nc3c2)cc1,,,CHEMBL4219216,Bioorg Med Chem,2018,"{'bei': '13.65', 'le': '0.25', 'lle': '-0.51', 'sei': '9.92'}",CHEMBL4225299,,CHEMBL4225299,6.96,False,http://www.openphacts.org/units/Nanomolar,3086551,=,1,True,=,,IC50,nM,,110.0,CHEMBL3988607,Plasmodium falciparum,Plasmepsin 4,5833,,,IC50,uM,UO_0000065,,0.11
,18586432,[],CHEMBL4223546,Inhibition of Plasmodium falciparum plasmepsin 4 using DABCYL-Glu-Arg-Nle-Phe-Leu-Ser-Phe-Pro-EDANS as substrate preincubated for 30 mins followed by substrate addition measured every 1 min within 8 to 15 mins by FRET assay,B,,,BAO_0000190,BAO_0000357,single protein format,CCCCCCCCc1ccc(-c2ccc3c(=O)n(CC4CCCO4)c(N)nc3c2)cc1,,,CHEMBL4219216,Bioorg Med Chem,2018,"{'bei': '15.70', 'le': '0.29', 'lle': '1.08', 'sei': '9.71'}",CHEMBL4226087,,CHEMBL4226087,6.81,False,http://www.openphacts.org/units/Nanomolar,3086550,=,1,True,=,,IC50,nM,,155.0,CHEMBL3988607,Plasmodium falciparum,Plasmepsin 4,5833,,,IC50,uM,UO_0000065,,0.155
,18586433,[],CHEMBL4223546,Inhibition of Plasmodium falciparum plasmepsin 4 using DABCYL-Glu-Arg-Nle-Phe-Leu-Ser-Phe-Pro-EDANS as substrate preincubated for 30 mins followed by substrate addition measured every 1 min within 8 to 15 mins by FRET assay,B,,,BAO_0000190,BAO_0000357,single protein format,Nc1nc2cc(-c3ccc(CCCc4ccccc4)cc3)ccc2c(=O)n1C[C@@H]1CC[C@H](c2ccccc2)O1,,,CHEMBL4219216,Bioorg Med Chem,2018,"{'bei': '13.35', 'le': '0.24', 'lle': '0.15', 'sei': '9.82'}",CHEMBL3763523,,CHEMBL3763523,6.89,False,http://www.openphacts.org/units/Nanomolar,3086549,=,1,True,=,,IC50,nM,,130.0,CHEMBL3988607,Plasmodium falciparum,Plasmepsin 4,5833,,,IC50,uM,UO_0000065,,0.13
,18586434,[],CHEMBL4223546,Inhibition of Plasmodium falciparum plasmepsin 4 using DABCYL-Glu-Arg-Nle-Phe-Leu-Ser-Phe-Pro-EDANS as substrate preincubated for 30 mins followed by substrate addition measured every 1 min within 8 to 15 mins by FRET assay,B,,,BAO_0000190,BAO_0000357,single protein format,Nc1nc2cc(-c3ccc(CCCc4ccccc4)cc3)ccc2c(=O)n1CC1CCCO1,,,CHEMBL4219216,Bioorg Med Chem,2018,"{'bei': '15.93', 'le': '0.29', 'lle': '2.00', 'sei': '9.98'}",CHEMBL4225394,,CHEMBL4225394,7.00,False,http://www.openphacts.org/units/Nanomolar,3086548,=,1,True,=,,IC50,nM,,100.0,CHEMBL3988607,Plasmodium falciparum,Plasmepsin 4,5833,,,IC50,uM,UO_0000065,,0.1
,18586435,[],CHEMBL4223546,Inhibition of Plasmodium falciparum plasmepsin 4 using DABCYL-Glu-Arg-Nle-Phe-Leu-Ser-Phe-Pro-EDANS as substrate preincubated for 30 mins followed by substrate addition measured every 1 min within 8 to 15 mins by FRET assay,B,,,BAO_0000190,BAO_0000357,single protein format,CCCCCc1ccc(-c2ccc3c(=O)n(C[C@@H]4CC[C@H](c5ccccc5)O4)c(N)nc3c2)cc1,,,CHEMBL4219216,Bioorg Med Chem,2018,"{'bei': '14.97', 'le': '0.27', 'lle': '0.70', 'sei': '9.98'}",CHEMBL3764174,,CHEMBL3764174,7.00,False,http://www.openphacts.org/units/Nanomolar,3086547,=,1,True,=,,IC50,nM,,100.0,CHEMBL3988607,Plasmodium falciparum,Plasmepsin 4,5833,,,IC50,uM,UO_0000065,,0.1
,18586436,[],CHEMBL4223546,Inhibition of Plasmodium falciparum plasmepsin 4 using DABCYL-Glu-Arg-Nle-Phe-Leu-Ser-Phe-Pro-EDANS as substrate preincubated for 30 mins followed by substrate addition measured every 1 min within 8 to 15 mins by FRET assay,B,,,BAO_0000190,BAO_0000357,single protein format,CCCCCc1ccc(-c2ccc3c(=O)n(CC4CCCO4)c(N)nc3c2)cc1,,,CHEMBL4219216,Bioorg Med Chem,2018,"{'bei': '17.97', 'le': '0.33', 'lle': '2.48', 'sei': '10.03'}",CHEMBL4228456,,CHEMBL4228456,7.04,False,http://www.openphacts.org/units/Nanomolar,3086546,=,1,True,=,,IC50,nM,,92.0,CHEMBL3988607,Plasmodium falciparum,Plasmepsin 4,5833,,,IC50,uM,UO_0000065,,0.092
,18586437,[],CHEMBL4223546,Inhibition of Plasmodium falciparum plasmepsin 4 using DABCYL-Glu-Arg-Nle-Phe-Leu-Ser-Phe-Pro-EDANS as substrate preincubated for 30 mins followed by substrate addition measured every 1 min within 8 to 15 mins by FRET assay,B,,,BAO_0000190,BAO_0000357,single protein format,Nc1nc2cc(-c3ccccc3)cc(-c3cccc(C(=O)O)c3)c2c(=O)n1CC1CCCO1,,,CHEMBL4219216,Bioorg Med Chem,2018,"{'bei': '13.19', 'le': '0.24', 'lle': '1.63', 'sei': '5.42'}",CHEMBL4229013,,CHEMBL4229013,5.82,False,http://www.openphacts.org/units/Nanomolar,3086545,=,1,True,=,,IC50,nM,,1500.0,CHEMBL3988607,Plasmodium falciparum,Plasmepsin 4,5833,,,IC50,uM,UO_0000065,,1.5
,18586438,[],CHEMBL4223546,Inhibition of Plasmodium falciparum plasmepsin 4 using DABCYL-Glu-Arg-Nle-Phe-Leu-Ser-Phe-Pro-EDANS as substrate preincubated for 30 mins followed by substrate addition measured every 1 min within 8 to 15 mins by FRET assay,B,,,BAO_0000190,BAO_0000357,single protein format,NC(=O)c1ccc(-c2cc(-c3ccccc3)cc3nc(N)n(CC4CCCO4)c(=O)c23)cc1,,,CHEMBL4219216,Bioorg Med Chem,2018,"{'bei': '12.72', 'le': '0.23', 'lle': '2.01', 'sei': '4.95'}",CHEMBL4229080,,CHEMBL4229080,5.60,False,http://www.openphacts.org/units/Nanomolar,3086544,=,1,True,=,,IC50,nM,,2500.0,CHEMBL3988607,Plasmodium falciparum,Plasmepsin 4,5833,,,IC50,uM,UO_0000065,,2.5
,18586439,[],CHEMBL4223546,Inhibition of Plasmodium falciparum plasmepsin 4 using DABCYL-Glu-Arg-Nle-Phe-Leu-Ser-Phe-Pro-EDANS as substrate preincubated for 30 mins followed by substrate addition measured every 1 min within 8 to 15 mins by FRET assay,B,,,BAO_0000190,BAO_0000357,single protein format,Nc1cccc(-c2cc(-c3ccccc3)cc3nc(N)n(CC4CCCO4)c(=O)c23)c1,,,CHEMBL4219216,Bioorg Med Chem,2018,"{'bei': '14.55', 'le': '0.26', 'lle': '1.93', 'sei': '6.24'}",CHEMBL4228633,,CHEMBL4228633,6.00,False,http://www.openphacts.org/units/Nanomolar,3086543,=,1,True,=,,IC50,nM,,1000.0,CHEMBL3988607,Plasmodium falciparum,Plasmepsin 4,5833,,,IC50,uM,UO_0000065,,1.0
,18586440,[],CHEMBL4223546,Inhibition of Plasmodium falciparum plasmepsin 4 using DABCYL-Glu-Arg-Nle-Phe-Leu-Ser-Phe-Pro-EDANS as substrate preincubated for 30 mins followed by substrate addition measured every 1 min within 8 to 15 mins by FRET assay,B,,,BAO_0000190,BAO_0000357,single protein format,Nc1nc2cc(-c3ccccc3)cc(-c3cccnc3)c2c(=O)n1CC1CCCO1,,,CHEMBL4219216,Bioorg Med Chem,2018,"{'bei': '14.62', 'le': '0.27', 'lle': '1.93', 'sei': '7.01'}",CHEMBL4227924,,CHEMBL4227924,5.82,False,http://www.openphacts.org/units/Nanomolar,3086542,=,1,True,=,,IC50,nM,,1500.0,CHEMBL3988607,Plasmodium falciparum,Plasmepsin 4,5833,,,IC50,uM,UO_0000065,,1.5
,18586441,[],CHEMBL4223546,Inhibition of Plasmodium falciparum plasmepsin 4 using DABCYL-Glu-Arg-Nle-Phe-Leu-Ser-Phe-Pro-EDANS as substrate preincubated for 30 mins followed by substrate addition measured every 1 min within 8 to 15 mins by FRET assay,B,,,BAO_0000190,BAO_0000357,single protein format,Nc1nc2cc(-c3ccccc3)cc(-c3ccncc3)c2c(=O)n1CC1CCCO1,,,CHEMBL4219216,Bioorg Med Chem,2018,"{'bei': '14.10', 'le': '0.26', 'lle': '1.73', 'sei': '6.77'}",CHEMBL4228400,,CHEMBL4228400,5.62,False,http://www.openphacts.org/units/Nanomolar,3086541,=,1,True,=,,IC50,nM,,2400.0,CHEMBL3988607,Plasmodium falciparum,Plasmepsin 4,5833,,,IC50,uM,UO_0000065,,2.4
,18586442,[],CHEMBL4223546,Inhibition of Plasmodium falciparum plasmepsin 4 using DABCYL-Glu-Arg-Nle-Phe-Leu-Ser-Phe-Pro-EDANS as substrate preincubated for 30 mins followed by substrate addition measured every 1 min within 8 to 15 mins by FRET assay,B,,,BAO_0000190,BAO_0000357,single protein format,Nc1nc2cc(-c3ccccc3)cc(CC(=O)O)c2c(=O)n1C[C@@H]1CC[C@H](c2ccccc2)O1,,,CHEMBL4219216,Bioorg Med Chem,2018,"{'bei': '13.66', 'le': '0.25', 'lle': '2.03', 'sei': '5.79'}",CHEMBL4224896,,CHEMBL4224896,6.22,False,http://www.openphacts.org/units/Nanomolar,3086540,=,1,True,=,,IC50,nM,,600.0,CHEMBL3988607,Plasmodium falciparum,Plasmepsin 4,5833,,,IC50,uM,UO_0000065,,0.6
,18586443,[],CHEMBL4223546,Inhibition of Plasmodium falciparum plasmepsin 4 using DABCYL-Glu-Arg-Nle-Phe-Leu-Ser-Phe-Pro-EDANS as substrate preincubated for 30 mins followed by substrate addition measured every 1 min within 8 to 15 mins by FRET assay,B,,,BAO_0000190,BAO_0000357,single protein format,Nc1nc2cc(-c3ccccc3)cc(CC(=O)O)c2c(=O)n1CC1CCCO1,,,CHEMBL4219216,Bioorg Med Chem,2018,"{'bei': '13.76', 'le': '0.25', 'lle': '2.77', 'sei': '4.86'}",CHEMBL4225481,,CHEMBL4225481,5.22,False,http://www.openphacts.org/units/Nanomolar,3086539,=,1,True,=,,IC50,nM,,6000.0,CHEMBL3988607,Plasmodium falciparum,Plasmepsin 4,5833,,,IC50,uM,UO_0000065,,6.0
,18586444,[],CHEMBL4223546,Inhibition of Plasmodium falciparum plasmepsin 4 using DABCYL-Glu-Arg-Nle-Phe-Leu-Ser-Phe-Pro-EDANS as substrate preincubated for 30 mins followed by substrate addition measured every 1 min within 8 to 15 mins by FRET assay,B,,,BAO_0000190,BAO_0000357,single protein format,Nc1nc2cc(-c3ccccc3)cc(-c3ccc(C(=O)O)cc3)c2c(=O)n1C[C@@H]1CC[C@H](c2ccccc2)O1,,,CHEMBL4219216,Bioorg Med Chem,2018,"{'bei': '12.17', 'le': '0.22', 'lle': '0.37', 'sei': '5.86'}",CHEMBL4226891,,CHEMBL4226891,6.30,False,http://www.openphacts.org/units/Nanomolar,3086538,=,1,True,=,,IC50,nM,,500.0,CHEMBL3988607,Plasmodium falciparum,Plasmepsin 4,5833,,,IC50,uM,UO_0000065,,0.5
,18586445,[],CHEMBL4223546,Inhibition of Plasmodium falciparum plasmepsin 4 using DABCYL-Glu-Arg-Nle-Phe-Leu-Ser-Phe-Pro-EDANS as substrate preincubated for 30 mins followed by substrate addition measured every 1 min within 8 to 15 mins by FRET assay,B,,,BAO_0000190,BAO_0000357,single protein format,Nc1nc2cc(-c3ccccc3)cc(-c3ccc(C(=O)O)cc3)c2c(=O)n1CC1CCCO1,,,CHEMBL4219216,Bioorg Med Chem,2018,"{'bei': '13.26', 'le': '0.24', 'lle': '1.66', 'sei': '5.45'}",CHEMBL4225038,,CHEMBL4225038,5.85,False,http://www.openphacts.org/units/Nanomolar,3086537,=,1,True,=,,IC50,nM,,1400.0,CHEMBL3988607,Plasmodium falciparum,Plasmepsin 4,5833,,,IC50,uM,UO_0000065,,1.4
,18951892,[],CHEMBL4331647,Inhibition of Plasmodium falciparum plasmepsin 4 using DABCYL-Glu-Arg-Nle-Phe-Leu-Ser-Phe-Pro-EDANS as substrate preincubated for 30 mins followed by substrate addition and measured every min for 8 to 15 mins by FRET assay,B,,,BAO_0000190,BAO_0000357,single protein format,CCN(CC)C(=O)c1cc(C(=O)N[C@@H](Cc2ccccc2)[C@H](O)CNC(C)(C)c2cccc(OC)c2)cc(N2CCCCC2)c1,,,CHEMBL4330085,Eur J Med Chem,2019,"{'bei': '12.77', 'le': '0.24', 'lle': '2.46', 'sei': '8.34'}",CHEMBL4475791,,CHEMBL4475791,7.85,False,http://www.openphacts.org/units/Nanomolar,3161606,=,1,True,=,,IC50,nM,,14.0,CHEMBL3988607,Plasmodium falciparum,Plasmepsin 4,5833,,,IC50,uM,UO_0000065,,0.014
,18951893,[],CHEMBL4331647,Inhibition of Plasmodium falciparum plasmepsin 4 using DABCYL-Glu-Arg-Nle-Phe-Leu-Ser-Phe-Pro-EDANS as substrate preincubated for 30 mins followed by substrate addition and measured every min for 8 to 15 mins by FRET assay,B,,,BAO_0000190,BAO_0000357,single protein format,COc1cccc(C(C)(C)NC[C@@H](O)[C@H](Cc2ccccc2)NC(=O)c2cc(C(=O)N(C)C)cc(N3CCCCC3)c2)c1,,,CHEMBL4330085,Eur J Med Chem,2019,"{'bei': '12.03', 'le': '0.22', 'lle': '2.45', 'sei': '7.50'}",CHEMBL4561558,,CHEMBL4561558,7.06,False,http://www.openphacts.org/units/Nanomolar,3161607,=,1,True,=,,IC50,nM,,87.0,CHEMBL3988607,Plasmodium falciparum,Plasmepsin 4,5833,,,IC50,uM,UO_0000065,,0.087
,18951894,[],CHEMBL4331647,Inhibition of Plasmodium falciparum plasmepsin 4 using DABCYL-Glu-Arg-Nle-Phe-Leu-Ser-Phe-Pro-EDANS as substrate preincubated for 30 mins followed by substrate addition and measured every min for 8 to 15 mins by FRET assay,B,,,BAO_0000190,BAO_0000357,single protein format,COc1cccc(C(C)(C)NC[C@@H](O)[C@H](Cc2ccccc2)NC(=O)c2cc(C(=O)N(CCO)CCO)cc(N3CCCCC3)c2)c1,,,CHEMBL4330085,Eur J Med Chem,2019,"{'bei': '11.08', 'le': '0.21', 'lle': '3.83', 'sei': '5.33'}",CHEMBL4453065,,CHEMBL4453065,7.17,False,http://www.openphacts.org/units/Nanomolar,3161608,=,1,True,=,,IC50,nM,,68.0,CHEMBL3988607,Plasmodium falciparum,Plasmepsin 4,5833,,,IC50,uM,UO_0000065,,0.068
,18951895,[],CHEMBL4331647,Inhibition of Plasmodium falciparum plasmepsin 4 using DABCYL-Glu-Arg-Nle-Phe-Leu-Ser-Phe-Pro-EDANS as substrate preincubated for 30 mins followed by substrate addition and measured every min for 8 to 15 mins by FRET assay,B,,,BAO_0000190,BAO_0000357,single protein format,COCCN(CCOC)C(=O)c1cc(C(=O)N[C@@H](Cc2ccccc2)[C@H](O)CNC(C)(C)c2cccc(OC)c2)cc(N2CCCCC2)c1,,,CHEMBL4330085,Eur J Med Chem,2019,"{'bei': '11.01', 'le': '0.21', 'lle': '2.78', 'sei': '6.60'}",CHEMBL4442495,,CHEMBL4442495,7.43,False,http://www.openphacts.org/units/Nanomolar,3161609,=,1,True,=,,IC50,nM,,37.0,CHEMBL3988607,Plasmodium falciparum,Plasmepsin 4,5833,,,IC50,uM,UO_0000065,,0.037
,18951896,[],CHEMBL4331647,Inhibition of Plasmodium falciparum plasmepsin 4 using DABCYL-Glu-Arg-Nle-Phe-Leu-Ser-Phe-Pro-EDANS as substrate preincubated for 30 mins followed by substrate addition and measured every min for 8 to 15 mins by FRET assay,B,,,BAO_0000190,BAO_0000357,single protein format,COc1cccc(C(C)(C)NC[C@@H](O)[C@H](Cc2ccccc2)NC(=O)c2cc(C(=O)N(CCC(F)(F)F)CCC(F)(F)F)cc(N3CCCCC3)c2)c1,,,CHEMBL4330085,Eur J Med Chem,2019,"{'bei': '8.89', 'le': '0.17', 'lle': '-0.58', 'sei': '7.09'}",CHEMBL4447037,,CHEMBL4447037,6.68,False,http://www.openphacts.org/units/Nanomolar,3161610,=,1,True,=,,IC50,nM,,210.0,CHEMBL3988607,Plasmodium falciparum,Plasmepsin 4,5833,,,IC50,uM,UO_0000065,,0.21
,18951897,[],CHEMBL4331647,Inhibition of Plasmodium falciparum plasmepsin 4 using DABCYL-Glu-Arg-Nle-Phe-Leu-Ser-Phe-Pro-EDANS as substrate preincubated for 30 mins followed by substrate addition and measured every min for 8 to 15 mins by FRET assay,B,,,BAO_0000190,BAO_0000357,single protein format,COc1cccc(C(C)(C)NC[C@@H](O)[C@H](Cc2ccccc2)NC(=O)c2cc(C(=O)N(CC(C)C)CC(C)C)cc(N3CCCCC3)c2)c1,,,CHEMBL4330085,Eur J Med Chem,2019,"{'bei': '9.39', 'le': '0.18', 'lle': '-0.37', 'sei': '6.69'}",CHEMBL4454828,,CHEMBL4454828,6.30,False,http://www.openphacts.org/units/Nanomolar,3161611,=,1,True,=,,IC50,nM,,500.0,CHEMBL3988607,Plasmodium falciparum,Plasmepsin 4,5833,,,IC50,uM,UO_0000065,,0.5
,18951898,[],CHEMBL4331647,Inhibition of Plasmodium falciparum plasmepsin 4 using DABCYL-Glu-Arg-Nle-Phe-Leu-Ser-Phe-Pro-EDANS as substrate preincubated for 30 mins followed by substrate addition and measured every min for 8 to 15 mins by FRET assay,B,,,BAO_0000190,BAO_0000357,single protein format,COc1cccc(C(C)(C)NC[C@@H](O)[C@H](Cc2ccccc2)NC(=O)c2cc(C(=O)NCC(C)(C)OC)cc(N3CCCCC3)c2)c1,,,CHEMBL4330085,Eur J Med Chem,2019,"{'bei': '11.35', 'le': '0.21', 'lle': '2.25', 'sei': '6.53'}",CHEMBL4515257,,CHEMBL4515257,7.32,False,http://www.openphacts.org/units/Nanomolar,3161612,=,1,True,=,,IC50,nM,,48.0,CHEMBL3988607,Plasmodium falciparum,Plasmepsin 4,5833,,,IC50,uM,UO_0000065,,0.048
,18951899,[],CHEMBL4331647,Inhibition of Plasmodium falciparum plasmepsin 4 using DABCYL-Glu-Arg-Nle-Phe-Leu-Ser-Phe-Pro-EDANS as substrate preincubated for 30 mins followed by substrate addition and measured every min for 8 to 15 mins by FRET assay,B,,,BAO_0000190,BAO_0000357,single protein format,COc1cccc(C(C)(C)NC[C@@H](O)[C@H](Cc2ccccc2)NC(=O)c2cc(C(=O)NCC3CC3)cc(N3CCCCC3)c2)c1,,,CHEMBL4330085,Eur J Med Chem,2019,"{'bei': '12.28', 'le': '0.23', 'lle': '2.47', 'sei': '7.31'}",CHEMBL4555241,,CHEMBL4555241,7.52,False,http://www.openphacts.org/units/Nanomolar,3161613,=,1,True,=,,IC50,nM,,30.0,CHEMBL3988607,Plasmodium falciparum,Plasmepsin 4,5833,,,IC50,uM,UO_0000065,,0.03
,18951900,[],CHEMBL4331647,Inhibition of Plasmodium falciparum plasmepsin 4 using DABCYL-Glu-Arg-Nle-Phe-Leu-Ser-Phe-Pro-EDANS as substrate preincubated for 30 mins followed by substrate addition and measured every min for 8 to 15 mins by FRET assay,B,,,BAO_0000190,BAO_0000357,single protein format,COc1cccc(C(C)(C)NC[C@@H](O)[C@H](Cc2ccccc2)NC(=O)c2cc(C(=O)NCCCO)cc(N3CCCCC3)c2)c1,,,CHEMBL4330085,Eur J Med Chem,2019,"{'bei': '11.40', 'le': '0.21', 'lle': '3.01', 'sei': '5.71'}",CHEMBL4569382,,CHEMBL4569382,7.03,False,http://www.openphacts.org/units/Nanomolar,3161614,=,1,True,=,,IC50,nM,,93.0,CHEMBL3988607,Plasmodium falciparum,Plasmepsin 4,5833,,,IC50,uM,UO_0000065,,0.093
,18951901,[],CHEMBL4331647,Inhibition of Plasmodium falciparum plasmepsin 4 using DABCYL-Glu-Arg-Nle-Phe-Leu-Ser-Phe-Pro-EDANS as substrate preincubated for 30 mins followed by substrate addition and measured every min for 8 to 15 mins by FRET assay,B,,,BAO_0000190,BAO_0000357,single protein format,COc1cccc(C(C)(C)NC[C@@H](O)[C@H](Cc2ccccc2)NC(=O)c2cc(C(=O)NCCC(F)(F)F)cc(N3CCCCC3)c2)c1,,,CHEMBL4330085,Eur J Med Chem,2019,"{'bei': '11.64', 'le': '0.22', 'lle': '2.03', 'sei': '7.40'}",CHEMBL4454293,,CHEMBL4454293,7.62,False,http://www.openphacts.org/units/Nanomolar,3161615,=,1,True,=,,IC50,nM,,24.0,CHEMBL3988607,Plasmodium falciparum,Plasmepsin 4,5833,,,IC50,uM,UO_0000065,,0.024
,18951902,[],CHEMBL4331647,Inhibition of Plasmodium falciparum plasmepsin 4 using DABCYL-Glu-Arg-Nle-Phe-Leu-Ser-Phe-Pro-EDANS as substrate preincubated for 30 mins followed by substrate addition and measured every min for 8 to 15 mins by FRET assay,B,,,BAO_0000190,BAO_0000357,single protein format,COc1cccc(C(C)(C)NC[C@@H](O)[C@H](Cc2ccccc2)NC(=O)c2cc(C(=O)NCC(C)(C)O)cc(N3CCCCC3)c2)c1,,,CHEMBL4330085,Eur J Med Chem,2019,"{'bei': '11.10', 'le': '0.21', 'lle': '2.59', 'sei': '5.68'}",CHEMBL4533511,,CHEMBL4533511,7.00,False,http://www.openphacts.org/units/Nanomolar,3161616,=,1,True,=,,IC50,nM,,100.0,CHEMBL3988607,Plasmodium falciparum,Plasmepsin 4,5833,,,IC50,uM,UO_0000065,,0.1
,18951903,[],CHEMBL4331647,Inhibition of Plasmodium falciparum plasmepsin 4 using DABCYL-Glu-Arg-Nle-Phe-Leu-Ser-Phe-Pro-EDANS as substrate preincubated for 30 mins followed by substrate addition and measured every min for 8 to 15 mins by FRET assay,B,,,BAO_0000190,BAO_0000357,single protein format,COCCNC(=O)c1cc(C(=O)N[C@@H](Cc2ccccc2)[C@H](O)CNC(C)(C)c2cccc(OC)c2)cc(N2CCCCC2)c1,,,CHEMBL4330085,Eur J Med Chem,2019,"{'bei': '11.84', 'le': '0.22', 'lle': '3.01', 'sei': '6.51'}",CHEMBL4546797,,CHEMBL4546797,7.30,False,http://www.openphacts.org/units/Nanomolar,3161617,=,1,True,=,,IC50,nM,,50.0,CHEMBL3988607,Plasmodium falciparum,Plasmepsin 4,5833,,,IC50,uM,UO_0000065,,0.05
,18951904,[],CHEMBL4331647,Inhibition of Plasmodium falciparum plasmepsin 4 using DABCYL-Glu-Arg-Nle-Phe-Leu-Ser-Phe-Pro-EDANS as substrate preincubated for 30 mins followed by substrate addition and measured every min for 8 to 15 mins by FRET assay,B,,,BAO_0000190,BAO_0000357,single protein format,COc1cccc(C(C)(C)NC[C@@H](O)[C@H](Cc2ccccc2)NC(=O)c2cc(C(=O)NCCN(C)C)cc(N3CCCCC3)c2)c1,,,CHEMBL4330085,Eur J Med Chem,2019,"{'bei': '10.23', 'le': '0.19', 'lle': '2.24', 'sei': '6.07'}",CHEMBL4542566,,CHEMBL4542566,6.44,False,http://www.openphacts.org/units/Nanomolar,3161618,=,1,True,=,,IC50,nM,,360.0,CHEMBL3988607,Plasmodium falciparum,Plasmepsin 4,5833,,,IC50,uM,UO_0000065,,0.36
,18951905,[],CHEMBL4331647,Inhibition of Plasmodium falciparum plasmepsin 4 using DABCYL-Glu-Arg-Nle-Phe-Leu-Ser-Phe-Pro-EDANS as substrate preincubated for 30 mins followed by substrate addition and measured every min for 8 to 15 mins by FRET assay,B,,,BAO_0000190,BAO_0000357,single protein format,COc1cccc(C(C)(C)NC[C@@H](O)[C@H](Cc2ccccc2)NC(=O)c2cc(C(=O)NCC(C)(C)C)cc(N3CCCCC3)c2)c1,,,CHEMBL4330085,Eur J Med Chem,2019,"{'bei': '12.04', 'le': '0.22', 'lle': '1.88', 'sei': '7.35'}",CHEMBL4515147,,CHEMBL4515147,7.57,False,http://www.openphacts.org/units/Nanomolar,3161619,=,1,True,=,,IC50,nM,,27.0,CHEMBL3988607,Plasmodium falciparum,Plasmepsin 4,5833,,,IC50,uM,UO_0000065,,0.027
,18951906,[],CHEMBL4331647,Inhibition of Plasmodium falciparum plasmepsin 4 using DABCYL-Glu-Arg-Nle-Phe-Leu-Ser-Phe-Pro-EDANS as substrate preincubated for 30 mins followed by substrate addition and measured every min for 8 to 15 mins by FRET assay,B,,,BAO_0000190,BAO_0000357,single protein format,COc1cccc(C(C)(C)NC[C@@H](O)[C@H](Cc2ccccc2)NC(=O)c2cc(C(=O)NC(C)(C)CO)cc(N3CCCCC3)c2)c1,,,CHEMBL4330085,Eur J Med Chem,2019,"{'bei': '10.97', 'le': '0.21', 'lle': '2.51', 'sei': '5.62'}",CHEMBL4452552,,CHEMBL4452552,6.92,False,http://www.openphacts.org/units/Nanomolar,3161620,=,1,True,=,,IC50,nM,,120.0,CHEMBL3988607,Plasmodium falciparum,Plasmepsin 4,5833,,,IC50,uM,UO_0000065,,0.12
,18951907,[],CHEMBL4331647,Inhibition of Plasmodium falciparum plasmepsin 4 using DABCYL-Glu-Arg-Nle-Phe-Leu-Ser-Phe-Pro-EDANS as substrate preincubated for 30 mins followed by substrate addition and measured every min for 8 to 15 mins by FRET assay,B,,,BAO_0000190,BAO_0000357,single protein format,COc1cccc(C(C)(C)NC[C@@H](O)[C@H](Cc2ccccc2)NC(=O)c2cc(C(=O)NCCO)cc(N3CCCCC3)c2)c1,,,CHEMBL4330085,Eur J Med Chem,2019,"{'bei': '11.08', 'le': '0.21', 'lle': '3.05', 'sei': '5.42'}",CHEMBL4439389,,CHEMBL4439389,6.68,False,http://www.openphacts.org/units/Nanomolar,3161621,=,1,True,=,,IC50,nM,,210.0,CHEMBL3988607,Plasmodium falciparum,Plasmepsin 4,5833,,,IC50,uM,UO_0000065,,0.21
,18951908,[],CHEMBL4331647,Inhibition of Plasmodium falciparum plasmepsin 4 using DABCYL-Glu-Arg-Nle-Phe-Leu-Ser-Phe-Pro-EDANS as substrate preincubated for 30 mins followed by substrate addition and measured every min for 8 to 15 mins by FRET assay,B,,,BAO_0000190,BAO_0000357,single protein format,COc1cccc(C(C)(C)NC[C@@H](O)[C@H](Cc2ccccc2)NC(=O)c2cc(C(=O)NCc3ccccc3)cc(N3CCCCC3)c2)c1,,,CHEMBL4330085,Eur J Med Chem,2019,"{'bei': '11.44', 'le': '0.21', 'lle': '1.58', 'sei': '7.21'}",CHEMBL4470195,,CHEMBL4470195,7.42,False,http://www.openphacts.org/units/Nanomolar,3161622,=,1,True,=,,IC50,nM,,38.0,CHEMBL3988607,Plasmodium falciparum,Plasmepsin 4,5833,,,IC50,uM,UO_0000065,,0.038
,18951909,[],CHEMBL4331647,Inhibition of Plasmodium falciparum plasmepsin 4 using DABCYL-Glu-Arg-Nle-Phe-Leu-Ser-Phe-Pro-EDANS as substrate preincubated for 30 mins followed by substrate addition and measured every min for 8 to 15 mins by FRET assay,B,,,BAO_0000190,BAO_0000357,single protein format,COc1cccc(C(C)(C)NC[C@@H](O)[C@H](Cc2ccccc2)NC(=O)c2cc(C(=O)NCCOC(C)(C)C)cc(N3CCCCC3)c2)c1,,,CHEMBL4330085,Eur J Med Chem,2019,"{'bei': '11.40', 'le': '0.21', 'lle': '2.05', 'sei': '6.69'}",CHEMBL4516259,,CHEMBL4516259,7.51,False,http://www.openphacts.org/units/Nanomolar,3161623,=,1,True,=,,IC50,nM,,31.0,CHEMBL3988607,Plasmodium falciparum,Plasmepsin 4,5833,,,IC50,uM,UO_0000065,,0.031
,18951910,[],CHEMBL4331647,Inhibition of Plasmodium falciparum plasmepsin 4 using DABCYL-Glu-Arg-Nle-Phe-Leu-Ser-Phe-Pro-EDANS as substrate preincubated for 30 mins followed by substrate addition and measured every min for 8 to 15 mins by FRET assay,B,,,BAO_0000190,BAO_0000357,single protein format,COc1cccc(C(C)(C)NC[C@@H](O)[C@H](Cc2ccccc2)NC(=O)c2cc(C(=O)NCC3CCCCC3)cc(N3CCCCC3)c2)c1,,,CHEMBL4330085,Eur J Med Chem,2019,"{'bei': '10.76', 'le': '0.20', 'lle': '0.83', 'sei': '6.85'}",CHEMBL4536592,,CHEMBL4536592,7.05,False,http://www.openphacts.org/units/Nanomolar,3161624,=,1,True,=,,IC50,nM,,90.0,CHEMBL3988607,Plasmodium falciparum,Plasmepsin 4,5833,,,IC50,uM,UO_0000065,,0.09
,18951911,[],CHEMBL4331647,Inhibition of Plasmodium falciparum plasmepsin 4 using DABCYL-Glu-Arg-Nle-Phe-Leu-Ser-Phe-Pro-EDANS as substrate preincubated for 30 mins followed by substrate addition and measured every min for 8 to 15 mins by FRET assay,B,,,BAO_0000190,BAO_0000357,single protein format,CCCN(CCC)C(=O)c1cc(C)cc(C(=O)N[C@@H](Cc2ccccc2)[C@H](O)CNC(C)(C)c2cccc(OC)c2)c1,,,CHEMBL4330085,Eur J Med Chem,2019,"{'bei': '13.31', 'le': '0.25', 'lle': '2.15', 'sei': '8.40'}",CHEMBL4446738,,CHEMBL4446738,7.64,False,http://www.openphacts.org/units/Nanomolar,3161625,=,1,True,=,,IC50,nM,,23.0,CHEMBL3988607,Plasmodium falciparum,Plasmepsin 4,5833,,,IC50,uM,UO_0000065,,0.023
,18951912,[],CHEMBL4331647,Inhibition of Plasmodium falciparum plasmepsin 4 using DABCYL-Glu-Arg-Nle-Phe-Leu-Ser-Phe-Pro-EDANS as substrate preincubated for 30 mins followed by substrate addition and measured every min for 8 to 15 mins by FRET assay,B,,,BAO_0000190,BAO_0000357,single protein format,CCCN(CCC)C(=O)c1cccc(C(=O)N[C@@H](Cc2ccccc2)[C@H](O)CNC(C)(C)c2cccc(OC)c2)c1,,,CHEMBL4330085,Eur J Med Chem,2019,"{'bei': '12.93', 'le': '0.24', 'lle': '2.06', 'sei': '7.96'}",CHEMBL2334376,,CHEMBL2334376,7.24,False,http://www.openphacts.org/units/Nanomolar,3161626,=,1,True,=,,IC50,nM,,58.0,CHEMBL3988607,Plasmodium falciparum,Plasmepsin 4,5833,,,IC50,uM,UO_0000065,,0.058
,18951913,[],CHEMBL4331647,Inhibition of Plasmodium falciparum plasmepsin 4 using DABCYL-Glu-Arg-Nle-Phe-Leu-Ser-Phe-Pro-EDANS as substrate preincubated for 30 mins followed by substrate addition and measured every min for 8 to 15 mins by FRET assay,B,,,BAO_0000190,BAO_0000357,single protein format,CCCN(CCC)C(=O)c1cc(F)cc(C(=O)N[C@@H](Cc2ccccc2)[C@H](O)CNC(C)(C)c2cccc(OC)c2)c1,,,CHEMBL4330085,Eur J Med Chem,2019,"{'bei': '12.64', 'le': '0.24', 'lle': '1.98', 'sei': '8.03'}",CHEMBL4449532,,CHEMBL4449532,7.30,False,http://www.openphacts.org/units/Nanomolar,3161627,=,1,True,=,,IC50,nM,,50.0,CHEMBL3988607,Plasmodium falciparum,Plasmepsin 4,5833,,,IC50,uM,UO_0000065,,0.05
,18951914,[],CHEMBL4331647,Inhibition of Plasmodium falciparum plasmepsin 4 using DABCYL-Glu-Arg-Nle-Phe-Leu-Ser-Phe-Pro-EDANS as substrate preincubated for 30 mins followed by substrate addition and measured every min for 8 to 15 mins by FRET assay,B,,,BAO_0000190,BAO_0000357,single protein format,CCCN(CCC)C(=O)c1cc(Cl)cc(C(=O)N[C@@H](Cc2ccccc2)[C@H](O)CNC(C)(C)c2cccc(OC)c2)c1,,,CHEMBL4330085,Eur J Med Chem,2019,"{'bei': '13.63', 'le': '0.26', 'lle': '2.26', 'sei': '8.91'}",CHEMBL4545195,,CHEMBL4545195,8.10,False,http://www.openphacts.org/units/Nanomolar,3161628,=,1,True,=,,IC50,nM,,8.0,CHEMBL3988607,Plasmodium falciparum,Plasmepsin 4,5833,,,IC50,uM,UO_0000065,,0.008
,18951915,[],CHEMBL4331647,Inhibition of Plasmodium falciparum plasmepsin 4 using DABCYL-Glu-Arg-Nle-Phe-Leu-Ser-Phe-Pro-EDANS as substrate preincubated for 30 mins followed by substrate addition and measured every min for 8 to 15 mins by FRET assay,B,,,BAO_0000190,BAO_0000357,single protein format,CCCN(CCC)C(=O)c1cc(C(=O)N[C@@H](Cc2ccccc2)[C@H](O)CNC(C)(C)c2cccc(OC)c2)cc(C(F)(F)F)c1,,,CHEMBL4330085,Eur J Med Chem,2019,"{'bei': '12.46', 'le': '0.24', 'lle': '1.62', 'sei': '8.61'}",CHEMBL4586892,,CHEMBL4586892,7.82,False,http://www.openphacts.org/units/Nanomolar,3161629,=,1,True,=,,IC50,nM,,15.0,CHEMBL3988607,Plasmodium falciparum,Plasmepsin 4,5833,,,IC50,uM,UO_0000065,,0.015
,18951916,[],CHEMBL4331647,Inhibition of Plasmodium falciparum plasmepsin 4 using DABCYL-Glu-Arg-Nle-Phe-Leu-Ser-Phe-Pro-EDANS as substrate preincubated for 30 mins followed by substrate addition and measured every min for 8 to 15 mins by FRET assay,B,,,BAO_0000190,BAO_0000357,single protein format,CCCN(CCC)C(=O)c1cc(C#N)cc(C(=O)N[C@@H](Cc2ccccc2)[C@H](O)CNC(C)(C)c2cccc(OC)c2)c1,,,CHEMBL4330085,Eur J Med Chem,2019,"{'bei': '12.36', 'le': '0.23', 'lle': '2.17', 'sei': '6.30'}",CHEMBL4522288,,CHEMBL4522288,7.23,False,http://www.openphacts.org/units/Nanomolar,3161630,=,1,True,=,,IC50,nM,,59.0,CHEMBL3988607,Plasmodium falciparum,Plasmepsin 4,5833,,,IC50,uM,UO_0000065,,0.059
,18951917,[],CHEMBL4331647,Inhibition of Plasmodium falciparum plasmepsin 4 using DABCYL-Glu-Arg-Nle-Phe-Leu-Ser-Phe-Pro-EDANS as substrate preincubated for 30 mins followed by substrate addition and measured every min for 8 to 15 mins by FRET assay,B,,,BAO_0000190,BAO_0000357,single protein format,CCCN(CCC)C(=O)c1cc(C(=O)N[C@@H](Cc2ccccc2)[C@H](O)CNC(C)(C)c2cccc(OC)c2)cc(C(=O)N(CCC)CCC)c1,,,CHEMBL4330085,Eur J Med Chem,2019,"{'bei': '11.27', 'le': '0.21', 'lle': '1.29', 'sei': '6.96'}",CHEMBL4449824,,CHEMBL4449824,7.75,False,http://www.openphacts.org/units/Nanomolar,3161631,=,1,True,=,,IC50,nM,,18.0,CHEMBL3988607,Plasmodium falciparum,Plasmepsin 4,5833,,,IC50,uM,UO_0000065,,0.018
,18951918,[],CHEMBL4331647,Inhibition of Plasmodium falciparum plasmepsin 4 using DABCYL-Glu-Arg-Nle-Phe-Leu-Ser-Phe-Pro-EDANS as substrate preincubated for 30 mins followed by substrate addition and measured every min for 8 to 15 mins by FRET assay,B,,,BAO_0000190,BAO_0000357,single protein format,COc1cccc(C(C)(C)NC[C@@H](O)[C@H](Cc2ccccc2)NC(=O)c2cccc(C(=O)NCC(C)(C)C)c2)c1,,,CHEMBL4330085,Eur J Med Chem,2019,"{'bei': '13.05', 'le': '0.24', 'lle': '2.42', 'sei': '7.14'}",CHEMBL4464784,,CHEMBL4464784,7.12,False,http://www.openphacts.org/units/Nanomolar,3161632,=,1,True,=,,IC50,nM,,76.0,CHEMBL3988607,Plasmodium falciparum,Plasmepsin 4,5833,,,IC50,uM,UO_0000065,,0.076
,18951919,[],CHEMBL4331647,Inhibition of Plasmodium falciparum plasmepsin 4 using DABCYL-Glu-Arg-Nle-Phe-Leu-Ser-Phe-Pro-EDANS as substrate preincubated for 30 mins followed by substrate addition and measured every min for 8 to 15 mins by FRET assay,B,,,BAO_0000190,BAO_0000357,single protein format,COc1cccc(C(C)(C)NC[C@@H](O)[C@H](Cc2ccccc2)NC(=O)c2cccc(C(=O)NCCC(F)(F)F)c2)c1,,,CHEMBL4330085,Eur J Med Chem,2019,"{'bei': '11.94', 'le': '0.23', 'lle': '2.22', 'sei': '6.85'}",CHEMBL4520253,,CHEMBL4520253,6.82,False,http://www.openphacts.org/units/Nanomolar,3161633,=,1,True,=,,IC50,nM,,150.0,CHEMBL3988607,Plasmodium falciparum,Plasmepsin 4,5833,,,IC50,uM,UO_0000065,,0.15
,19052379,[],CHEMBL4355297,Inhibition of Plasmodium falciparum plasmepsin 4 using fluorescently labeled peptide substrate by fluorescence method,B,,,BAO_0000190,BAO_0000357,single protein format,Br.Br.CCCCCCc1ccc(S(=O)(=O)[C@H]2[C@H]3CC[C@H](N3)[C@H]2NCc2cccc(Br)c2)cc1,,,CHEMBL4354799,J Med Chem,2019,"{'bei': '15.83', 'le': '0.35', 'lle': '2.99', 'sei': '13.75'}",CHEMBL4442042,,CHEMBL4595565,8.00,False,http://www.openphacts.org/units/Nanomolar,3178717,=,1,True,=,,IC50,nM,,10.0,CHEMBL3988607,Plasmodium falciparum,Plasmepsin 4,5833,,,IC50,nM,UO_0000065,,10.0
,19052381,[],CHEMBL4355295,Inhibition of Plasmodium falciparum plasmepsin 4 by FRET assay,B,,,BAO_0000190,BAO_0000357,single protein format,COc1cc2c(cc1OCCc1cccc3ccccc13)C1CCC2N1,,,CHEMBL4354799,J Med Chem,2019,"{'bei': '11.84', 'le': '0.21', 'lle': '-0.86', 'sei': '13.42'}",CHEMBL4532413,,CHEMBL4532413,4.09,False,http://www.openphacts.org/units/Nanomolar,3178718,=,1,True,=,,IC50,nM,,81000.0,CHEMBL3988607,Plasmodium falciparum,Plasmepsin 4,5833,,,IC50,uM,UO_0000065,,81.0
,19052383,[],CHEMBL4355295,Inhibition of Plasmodium falciparum plasmepsin 4 by FRET assay,B,,,BAO_0000190,BAO_0000357,single protein format,c1ccc2c(CCOc3cc4c(cc3CCCSc3nc5ccccc5s3)C3CCC4N3)cccc2c1,,,CHEMBL4354799,J Med Chem,2019,"{'bei': '8.57', 'le': '0.17', 'lle': '-3.80', 'sei': '13.12'}",CHEMBL4543723,,CHEMBL4543723,4.48,False,http://www.openphacts.org/units/Nanomolar,3178719,=,1,True,=,,IC50,nM,,33000.0,CHEMBL3988607,Plasmodium falciparum,Plasmepsin 4,5833,,,IC50,uM,UO_0000065,,33.0
,19052385,[],CHEMBL4355295,Inhibition of Plasmodium falciparum plasmepsin 4 by FRET assay,B,,,BAO_0000190,BAO_0000357,single protein format,c1ccc2c(CCOc3cc4c(cc3OCCSc3nc5ccccc5s3)C3CCC4N3)cccc2c1,,,CHEMBL4354799,J Med Chem,2019,"{'bei': '9.19', 'le': '0.18', 'lle': '-2.90', 'sei': '11.12'}",CHEMBL4529998,,CHEMBL4529998,4.82,False,http://www.openphacts.org/units/Nanomolar,3178720,=,1,True,=,,IC50,nM,,15000.0,CHEMBL3988607,Plasmodium falciparum,Plasmepsin 4,5833,,,IC50,uM,UO_0000065,,15.0
,19052387,[],CHEMBL4355295,Inhibition of Plasmodium falciparum plasmepsin 4 by FRET assay,B,,,BAO_0000190,BAO_0000357,single protein format,Clc1ccc2sc(SCCCc3cc4c(cc3OCCc3cccc5ccccc35)C3CCC4N3)nc2c1,,,CHEMBL4354799,J Med Chem,2019,"{'bei': '8.97', 'le': '0.18', 'lle': '-3.93', 'sei': '14.64'}",CHEMBL4438283,,CHEMBL4438283,5.00,False,http://www.openphacts.org/units/Nanomolar,3178721,=,1,True,=,,IC50,nM,,10000.0,CHEMBL3988607,Plasmodium falciparum,Plasmepsin 4,5833,,,IC50,uM,UO_0000065,,10.0
Not Determined,19052389,[],CHEMBL4355295,Inhibition of Plasmodium falciparum plasmepsin 4 by FRET assay,B,,,BAO_0000190,BAO_0000357,single protein format,c1ccc(-c2nnc(SCCOc3cc4c(cc3OCCc3cccc5ccccc35)C3CCC4N3)o2)cc1,,,CHEMBL4354799,J Med Chem,2019,,CHEMBL4470111,,CHEMBL4470111,,False,,3178722,,1,False,,,IC50,,,,CHEMBL3988607,Plasmodium falciparum,Plasmepsin 4,5833,,,IC50,,,,
,19052416,[],CHEMBL4355297,Inhibition of Plasmodium falciparum plasmepsin 4 using fluorescently labeled peptide substrate by fluorescence method,B,,,BAO_0000190,BAO_0000357,single protein format,CCCCc1ccc(S(=O)(=O)C2C3CCC(N3)C2NCc2ccc3ccccc3c2)cc1,,,CHEMBL4354799,J Med Chem,2019,"{'bei': '12.99', 'le': '0.25', 'lle': '1.21', 'sei': '10.02'}",CHEMBL4590673,,CHEMBL4590673,5.83,False,http://www.openphacts.org/units/Nanomolar,3178746,=,1,True,=,,IC50,nM,,1480.0,CHEMBL3988607,Plasmodium falciparum,Plasmepsin 4,5833,,,IC50,uM,UO_0000065,,1.48
,19052418,[],CHEMBL4355297,Inhibition of Plasmodium falciparum plasmepsin 4 using fluorescently labeled peptide substrate by fluorescence method,B,,,BAO_0000190,BAO_0000357,single protein format,CCCCCc1ccc(S(=O)(=O)C2C3CCC(N3)C2NCc2ccc3ccccc3c2)cc1,,,CHEMBL4354799,J Med Chem,2019,"{'bei': '14.31', 'le': '0.27', 'lle': '1.61', 'sei': '11.37'}",CHEMBL4472299,,CHEMBL4472299,6.62,False,http://www.openphacts.org/units/Nanomolar,3178747,=,1,True,=,,IC50,nM,,240.0,CHEMBL3988607,Plasmodium falciparum,Plasmepsin 4,5833,,,IC50,uM,UO_0000065,,0.24
,19052420,[],CHEMBL4355297,Inhibition of Plasmodium falciparum plasmepsin 4 using fluorescently labeled peptide substrate by fluorescence method,B,,,BAO_0000190,BAO_0000357,single protein format,CCCCCCc1ccc(S(=O)(=O)C2C3CCC(N3)C2NCc2ccc3ccccc3c2)cc1,,,CHEMBL4354799,J Med Chem,2019,"{'bei': '15.32', 'le': '0.29', 'lle': '1.90', 'sei': '12.54'}",CHEMBL4541926,,CHEMBL4541926,7.30,True,http://www.openphacts.org/units/Nanomolar,3178748,=,1,True,=,,IC50,nM,,50.0,CHEMBL3988607,Plasmodium falciparum,Plasmepsin 4,5833,,,IC50,uM,UO_0000065,,0.05
,19052422,[],CHEMBL4355297,Inhibition of Plasmodium falciparum plasmepsin 4 using fluorescently labeled peptide substrate by fluorescence method,B,,,BAO_0000190,BAO_0000357,single protein format,CCCCCCCc1ccc(S(=O)(=O)C2C3CCC(N3)C2NCc2ccc3ccccc3c2)cc1,,,CHEMBL4354799,J Med Chem,2019,"{'bei': '13.61', 'le': '0.26', 'lle': '0.89', 'sei': '11.47'}",CHEMBL4585628,,CHEMBL4585628,6.68,False,http://www.openphacts.org/units/Nanomolar,3178749,=,1,True,=,,IC50,nM,,210.0,CHEMBL3988607,Plasmodium falciparum,Plasmepsin 4,5833,,,IC50,uM,UO_0000065,,0.21
,19052424,[],CHEMBL4355297,Inhibition of Plasmodium falciparum plasmepsin 4 using fluorescently labeled peptide substrate by fluorescence method,B,,,BAO_0000190,BAO_0000357,single protein format,CCCCCCCCc1ccc(S(=O)(=O)C2C3CCC(N3)C2NCc2ccc3ccccc3c2)cc1,,,CHEMBL4354799,J Med Chem,2019,"{'bei': '12.61', 'le': '0.24', 'lle': '0.19', 'sei': '10.94'}",CHEMBL4578117,,CHEMBL4578117,6.37,False,http://www.openphacts.org/units/Nanomolar,3178750,=,1,True,=,,IC50,nM,,430.0,CHEMBL3988607,Plasmodium falciparum,Plasmepsin 4,5833,,,IC50,uM,UO_0000065,,0.43
,19052426,[],CHEMBL4355297,Inhibition of Plasmodium falciparum plasmepsin 4 using fluorescently labeled peptide substrate by fluorescence method,B,,,BAO_0000190,BAO_0000357,single protein format,CCCCCCCCCc1ccc(S(=O)(=O)C2C3CCC(N3)C2NCc2ccc3ccccc3c2)cc1,,,CHEMBL4354799,J Med Chem,2019,"{'bei': '11.31', 'le': '0.22', 'lle': '-0.70', 'sei': '10.08'}",CHEMBL4552145,,CHEMBL4552145,5.87,False,http://www.openphacts.org/units/Nanomolar,3178751,=,1,True,=,,IC50,nM,,1360.0,CHEMBL3988607,Plasmodium falciparum,Plasmepsin 4,5833,,,IC50,uM,UO_0000065,,1.36
,19052428,[],CHEMBL4355297,Inhibition of Plasmodium falciparum plasmepsin 4 using fluorescently labeled peptide substrate by fluorescence method,B,,,BAO_0000190,BAO_0000357,single protein format,CCCCCCCCCCc1ccc(S(=O)(=O)C2C3CCC(N3)C2NCc2ccc3ccccc3c2)cc1,,,CHEMBL4354799,J Med Chem,2019,"{'bei': '10.32', 'le': '0.20', 'lle': '-1.46', 'sei': '9.44'}",CHEMBL4553173,,CHEMBL4553173,5.50,False,http://www.openphacts.org/units/Nanomolar,3178752,=,1,True,=,,IC50,nM,,3190.0,CHEMBL3988607,Plasmodium falciparum,Plasmepsin 4,5833,,,IC50,uM,UO_0000065,,3.19
,19052430,[],CHEMBL4355297,Inhibition of Plasmodium falciparum plasmepsin 4 using fluorescently labeled peptide substrate by fluorescence method,B,,,BAO_0000190,BAO_0000357,single protein format,CCCCCCCCCCCc1ccc(S(=O)(=O)C2C3CCC(N3)C2NCc2ccc3ccccc3c2)cc1,,,CHEMBL4354799,J Med Chem,2019,"{'bei': '9.64', 'le': '0.18', 'lle': '-2.08', 'sei': '9.06'}",CHEMBL4554580,,CHEMBL4554580,5.27,False,http://www.openphacts.org/units/Nanomolar,3178753,=,1,True,=,,IC50,nM,,5350.0,CHEMBL3988607,Plasmodium falciparum,Plasmepsin 4,5833,,,IC50,uM,UO_0000065,,5.35
,19052432,[],CHEMBL4355297,Inhibition of Plasmodium falciparum plasmepsin 4 using fluorescently labeled peptide substrate by fluorescence method,B,,,BAO_0000190,BAO_0000357,single protein format,O=S(=O)(c1ccc(CCCCC2CCCCC2)cc1)C1C2CCC(N2)C1NCc1ccc2ccccc2c1,,,CHEMBL4354799,J Med Chem,2019,"{'bei': '11.53', 'le': '0.22', 'lle': '-0.45', 'sei': '10.51'}",CHEMBL4456617,,CHEMBL4456617,6.12,False,http://www.openphacts.org/units/Nanomolar,3178754,=,1,True,=,,IC50,nM,,760.0,CHEMBL3988607,Plasmodium falciparum,Plasmepsin 4,5833,,,IC50,uM,UO_0000065,,0.76
,19052434,[],CHEMBL4355297,Inhibition of Plasmodium falciparum plasmepsin 4 using fluorescently labeled peptide substrate by fluorescence method,B,,,BAO_0000190,BAO_0000357,single protein format,O=S(=O)(c1ccc(CCCCC2CCCC2)cc1)C1C2CCC(N2)C1NCc1ccc2ccccc2c1,,,CHEMBL4354799,J Med Chem,2019,"{'bei': '12.92', 'le': '0.25', 'lle': '0.50', 'sei': '11.47'}",CHEMBL4436986,,CHEMBL4436986,6.68,False,http://www.openphacts.org/units/Nanomolar,3178755,=,1,True,=,,IC50,nM,,210.0,CHEMBL3988607,Plasmodium falciparum,Plasmepsin 4,5833,,,IC50,uM,UO_0000065,,0.21
,19052436,[],CHEMBL4355297,Inhibition of Plasmodium falciparum plasmepsin 4 using fluorescently labeled peptide substrate by fluorescence method,B,,,BAO_0000190,BAO_0000357,single protein format,O=S(=O)(c1ccc(CCCCC2CCC2)cc1)C1C2CCC(N2)C1NCc1ccc2ccccc2c1,,,CHEMBL4354799,J Med Chem,2019,"{'bei': '13.42', 'le': '0.26', 'lle': '0.95', 'sei': '11.59'}",CHEMBL4457677,,CHEMBL4457677,6.75,False,http://www.openphacts.org/units/Nanomolar,3178756,=,1,True,=,,IC50,nM,,180.0,CHEMBL3988607,Plasmodium falciparum,Plasmepsin 4,5833,,,IC50,uM,UO_0000065,,0.18
,19052438,[],CHEMBL4355297,Inhibition of Plasmodium falciparum plasmepsin 4 using fluorescently labeled peptide substrate by fluorescence method,B,,,BAO_0000190,BAO_0000357,single protein format,CC(C)CCCCc1ccc(S(=O)(=O)C2C3CCC(N3)C2NCc2ccc3ccccc3c2)cc1,,,CHEMBL4354799,J Med Chem,2019,"{'bei': '14.36', 'le': '0.27', 'lle': '1.41', 'sei': '12.11'}",CHEMBL4456145,,CHEMBL4456145,7.05,False,http://www.openphacts.org/units/Nanomolar,3178757,=,1,True,=,,IC50,nM,,90.0,CHEMBL3988607,Plasmodium falciparum,Plasmepsin 4,5833,,,IC50,uM,UO_0000065,,0.09
,19059156,[],CHEMBL4357661,Inhibition of recombinant Plasmodium falciparum Plasmepsin 4,B,,,BAO_0000190,BAO_0000357,single protein format,Cc1cccc(C)c1OCC(=O)N[C@@H](Cc1ccccc1)[C@H](O)C(=O)N1CSC(C)(C)[C@@H]1C(=O)N[C@H]1c2ccccc2C[C@H]1O,,,CHEMBL4354841,J Med Chem,2020,"{'bei': '12.38', 'le': '0.24', 'lle': '4.59', 'sei': '6.10'}",CHEMBL4516552,,CHEMBL4516552,7.82,False,http://www.openphacts.org/units/Nanomolar,3179862,=,1,True,=,,IC50,nM,,15.0,CHEMBL3988607,Plasmodium falciparum,Plasmepsin 4,5833,,,IC50,nM,UO_0000065,,15.0
,19059157,[],CHEMBL4357661,Inhibition of recombinant Plasmodium falciparum Plasmepsin 4,B,,,BAO_0000190,BAO_0000357,single protein format,CCCCCc1ccc(C(=O)N(Cc2ccc(-c3ccc(CC(=O)OC)cc3)cc2)C2CCN(Cc3ncc[nH]3)CC2)cc1,,,CHEMBL4354841,J Med Chem,2020,"{'bei': '8.39', 'le': '0.15', 'lle': '-1.85', 'sei': '6.34'}",CHEMBL1233569,,CHEMBL1233569,4.97,False,http://www.openphacts.org/units/Nanomolar,3179873,=,1,True,=,,IC50,nM,,10591.0,CHEMBL3988607,Plasmodium falciparum,Plasmepsin 4,5833,,,IC50,nM,UO_0000065,,10591.0
,19059158,[],CHEMBL4357661,Inhibition of recombinant Plasmodium falciparum Plasmepsin 4,B,,,BAO_0000190,BAO_0000357,single protein format,CCCCCc1ccc(C(=O)N(Cc2ccc(NC(=O)c3cc4ccccc4s3)cc2)C2CCN(CCC(C)C)CC2)cc1,,,CHEMBL4354841,J Med Chem,2020,"{'bei': '10.82', 'le': '0.20', 'lle': '-2.44', 'sei': '12.53'}",CHEMBL4470715,,CHEMBL4470715,6.60,False,http://www.openphacts.org/units/Nanomolar,3179874,=,1,True,=,,IC50,nM,,253.0,CHEMBL3988607,Plasmodium falciparum,Plasmepsin 4,5833,,,IC50,nM,UO_0000065,,253.0
,19059159,[],CHEMBL4357661,Inhibition of recombinant Plasmodium falciparum Plasmepsin 4,B,,,BAO_0000190,BAO_0000357,single protein format,CCCCCc1ccc(C(=O)N(Cc2ccc(N(C)c3ccncc3)cc2)C2CCN(CCC(C)C)CC2)cc1,,,CHEMBL4354841,J Med Chem,2020,"{'bei': '8.71', 'le': '0.16', 'lle': '-3.03', 'sei': '11.87'}",CHEMBL1230705,,CHEMBL1230705,4.71,False,http://www.openphacts.org/units/Nanomolar,3179878,=,1,True,=,,IC50,nM,,19440.0,CHEMBL3988607,Plasmodium falciparum,Plasmepsin 4,5833,,,IC50,nM,UO_0000065,,19440.0
,19059160,[],CHEMBL4357661,Inhibition of recombinant Plasmodium falciparum Plasmepsin 4,B,,,BAO_0000190,BAO_0000357,single protein format,CCCCCc1ccc(C(=O)N(Cc2ccc(Nc3cc(C)nc4ccccc34)cc2)C2CCN(CCC(C)C)CC2)cc1,,,CHEMBL4354841,J Med Chem,2020,"{'bei': '9.26', 'le': '0.17', 'lle': '-3.70', 'sei': '11.29'}",CHEMBL4543535,,CHEMBL4543535,5.47,False,http://www.openphacts.org/units/Nanomolar,3179877,=,1,True,=,,IC50,nM,,3368.0,CHEMBL3988607,Plasmodium falciparum,Plasmepsin 4,5833,,,IC50,nM,UO_0000065,,3368.0
,19059161,[],CHEMBL4357661,Inhibition of recombinant Plasmodium falciparum Plasmepsin 4,B,,,BAO_0000190,BAO_0000357,single protein format,CCCCCc1ccc(C(=O)N(Cc2ccc(-c3cc(Cl)ccc3Cl)o2)C2CCN(CCC(C)C)CC2)cc1,,,CHEMBL4354841,J Med Chem,2020,"{'bei': '12.69', 'le': '0.25', 'lle': '-1.91', 'sei': '19.70'}",CHEMBL4530972,,CHEMBL4530972,7.23,False,http://www.openphacts.org/units/Nanomolar,3179876,=,1,True,=,,IC50,nM,,59.0,CHEMBL3988607,Plasmodium falciparum,Plasmepsin 4,5833,,,IC50,nM,UO_0000065,,59.0
,19059162,[],CHEMBL4357661,Inhibition of recombinant Plasmodium falciparum Plasmepsin 4,B,,,BAO_0000190,BAO_0000357,single protein format,CCCCCc1ccc(C(=O)N(Cc2ccc(-c3ccc(Cl)c(Cl)c3)o2)C2CCN(CCC(C)C)CC2)cc1,,,CHEMBL4354841,J Med Chem,2020,"{'bei': '12.72', 'le': '0.25', 'lle': '-1.90', 'sei': '19.74'}",CHEMBL4537622,,CHEMBL4537622,7.24,False,http://www.openphacts.org/units/Nanomolar,3179875,=,1,True,=,,IC50,nM,,57.0,CHEMBL3988607,Plasmodium falciparum,Plasmepsin 4,5833,,,IC50,nM,UO_0000065,,57.0
,19059163,[],CHEMBL4357661,Inhibition of recombinant Plasmodium falciparum Plasmepsin 4,B,,,BAO_0000190,BAO_0000357,single protein format,CCCCCc1ccc(N(C[C@@H]2CCC(=O)C(F)(F)C2)C(=O)Cc2ccc3ccccc3c2)cc1,,,CHEMBL4354841,J Med Chem,2020,"{'bei': '8.89', 'le': '0.17', 'lle': '-2.91', 'sei': '11.35'}",CHEMBL4469961,,CHEMBL4469961,4.24,False,http://www.openphacts.org/units/Nanomolar,3179884,=,1,True,=,,IC50,nM,,57000.0,CHEMBL3988607,Plasmodium falciparum,Plasmepsin 4,5833,,,IC50,nM,UO_0000065,,57000.0
,19059164,[],CHEMBL4357661,Inhibition of recombinant Plasmodium falciparum Plasmepsin 4,B,,,BAO_0000190,BAO_0000357,single protein format,c1ccc2cc(COC3C4CCC(N4)C3Oc3ccc(OCCSc4nc5ccccc5s4)cc3)ccc2c1,,,CHEMBL4354841,J Med Chem,2020,"{'bei': '7.95', 'le': '0.15', 'lle': '-2.68', 'sei': '8.38'}",CHEMBL4581955,,CHEMBL4581955,4.41,False,http://www.openphacts.org/units/Nanomolar,3179885,=,1,True,=,,IC50,nM,,39000.0,CHEMBL3988607,Plasmodium falciparum,Plasmepsin 4,5833,,,IC50,nM,UO_0000065,,39000.0
,19059165,[],CHEMBL4357661,Inhibition of recombinant Plasmodium falciparum Plasmepsin 4,B,,,BAO_0000190,BAO_0000357,single protein format,Clc1ccc2sc(SCCCc3ccc(OC4C5CCC(N5)C4OCc4ccc5ccccc5c4)cc3)nc2c1,,,CHEMBL4354841,J Med Chem,2020,"{'bei': '8.51', 'le': '0.17', 'lle': '-3.29', 'sei': '11.53'}",CHEMBL4448566,,CHEMBL4448566,5.00,False,http://www.openphacts.org/units/Nanomolar,3179886,=,1,True,=,,IC50,nM,,10000.0,CHEMBL3988607,Plasmodium falciparum,Plasmepsin 4,5833,,,IC50,nM,UO_0000065,,10000.0
,19059166,[],CHEMBL4357661,Inhibition of recombinant Plasmodium falciparum Plasmepsin 4,B,,,BAO_0000190,BAO_0000357,single protein format,CCCCCCc1ccc(S(=O)(=O)C2C3CCC(N3)C2NCc2ccc3ccccc3c2)cc1,,,CHEMBL4354841,J Med Chem,2020,"{'bei': '15.32', 'le': '0.29', 'lle': '1.90', 'sei': '12.54'}",CHEMBL4541926,,CHEMBL4541926,7.30,False,http://www.openphacts.org/units/Nanomolar,3179887,=,1,True,=,,IC50,nM,,50.0,CHEMBL3988607,Plasmodium falciparum,Plasmepsin 4,5833,,,IC50,nM,UO_0000065,,50.0
,19059167,[],CHEMBL4357661,Inhibition of recombinant Plasmodium falciparum Plasmepsin 4,B,,,BAO_0000190,BAO_0000357,single protein format,CCCCCc1ccc(S(=O)(=O)C2C3NC(CC3CNC3CCCC3)C2NCc2ccc3ccccc3c2)cc1,,,CHEMBL4354841,J Med Chem,2020,"{'bei': '14.22', 'le': '0.27', 'lle': '2.19', 'sei': '11.33'}",CHEMBL4556003,,CHEMBL4556003,7.96,False,http://www.openphacts.org/units/Nanomolar,3179888,=,1,True,=,,IC50,nM,,11.0,CHEMBL3988607,Plasmodium falciparum,Plasmepsin 4,5833,,,IC50,nM,UO_0000065,,11.0
,19059168,[],CHEMBL4357661,Inhibition of recombinant Plasmodium falciparum Plasmepsin 4,B,,,BAO_0000190,BAO_0000357,single protein format,Nc1ccc(C(=O)CCC2CNCC=C(COC(=O)c3ccc4ccccc4c3)C2)cc1,,,CHEMBL4354841,J Med Chem,2020,"{'bei': '13.59', 'le': '0.25', 'lle': '1.04', 'sei': '7.15'}",CHEMBL4554448,,CHEMBL4554448,5.82,False,http://www.openphacts.org/units/Nanomolar,3179889,=,1,True,=,,IC50,nM,,1500.0,CHEMBL3988607,Plasmodium falciparum,Plasmepsin 4,5833,,,IC50,nM,UO_0000065,,1500.0
,19059169,[],CHEMBL4357661,Inhibition of recombinant Plasmodium falciparum Plasmepsin 4,B,,,BAO_0000190,BAO_0000357,single protein format,CCCCCc1ccc(-c2cc(CCC(=O)O)c3c(=O)n(CC4CCCO4)c(N)nc3c2)cc1,,,CHEMBL4354841,J Med Chem,2020,"{'bei': '15.91', 'le': '0.30', 'lle': '2.81', 'sei': '6.87'}",CHEMBL4225824,,CHEMBL4225824,7.38,False,http://www.openphacts.org/units/Nanomolar,3179891,=,1,True,=,,IC50,nM,,42.0,CHEMBL3988607,Plasmodium falciparum,Plasmepsin 4,5833,,,IC50,nM,UO_0000065,,42.0
,19059170,[],CHEMBL4357661,Inhibition of recombinant Plasmodium falciparum Plasmepsin 4,B,,,BAO_0000190,BAO_0000357,single protein format,O=C(Cc1ccccc1)N(Cc1ccccc1)C1CNCC1N(Cc1ccccc1)C(=O)Cc1ccccc1,,,CHEMBL4354841,J Med Chem,2020,"{'bei': '10.82', 'le': '0.20', 'lle': '0.73', 'sei': '10.64'}",CHEMBL4518375,,CHEMBL4518375,5.60,False,http://www.openphacts.org/units/Nanomolar,3179892,=,1,True,=,,IC50,nM,,2500.0,CHEMBL3988607,Plasmodium falciparum,Plasmepsin 4,5833,,,IC50,nM,UO_0000065,,2500.0
,19204571,[],CHEMBL4392032,Inhibition of Plasmodium falciparum plasmepsin 4 using EDANS-CO-CH2-CH2-CO-ALERMFLSFP-Dap(DABCYL)OH as substrate measured after 60 mins by fluorescence assay,B,,,BAO_0000190,BAO_0000357,single protein format,Cc1ccc(CNC(=O)[C@@H]2CNC[C@H]2c2ccc(C(F)(F)F)cc2)cc1,,,CHEMBL4390670,J Med Chem,2019,,CHEMBL4536433,,CHEMBL4536433,,False,http://www.openphacts.org/units/Nanomolar,3205280,>,1,True,>,,IC50,nM,,10000.0,CHEMBL3988607,Plasmodium falciparum,Plasmepsin 4,5833,,,IC50,nM,UO_0000065,,10000.0
,19204572,[],CHEMBL4392032,Inhibition of Plasmodium falciparum plasmepsin 4 using EDANS-CO-CH2-CH2-CO-ALERMFLSFP-Dap(DABCYL)OH as substrate measured after 60 mins by fluorescence assay,B,,,BAO_0000190,BAO_0000357,single protein format,CN(C)c1ccc(CNC(=O)[C@H]2CNC[C@@H]2c2ccc(C(F)(F)F)cc2)cc1,,,CHEMBL4390670,J Med Chem,2019,,CHEMBL4435264,,CHEMBL4435264,,False,http://www.openphacts.org/units/Nanomolar,3205281,>,1,True,>,,IC50,nM,,10000.0,CHEMBL3988607,Plasmodium falciparum,Plasmepsin 4,5833,,,IC50,nM,UO_0000065,,10000.0
,19204573,[],CHEMBL4392032,Inhibition of Plasmodium falciparum plasmepsin 4 using EDANS-CO-CH2-CH2-CO-ALERMFLSFP-Dap(DABCYL)OH as substrate measured after 60 mins by fluorescence assay,B,,,BAO_0000190,BAO_0000357,single protein format,CCN(CC)c1ccc(CNC(=O)[C@@H]2CNC[C@H]2c2ccc(C(F)(F)F)cc2)cc1,,,CHEMBL4390670,J Med Chem,2019,,CHEMBL4515188,,CHEMBL4515188,,False,http://www.openphacts.org/units/Nanomolar,3205282,>,1,True,>,,IC50,nM,,10000.0,CHEMBL3988607,Plasmodium falciparum,Plasmepsin 4,5833,,,IC50,nM,UO_0000065,,10000.0
,19204574,[],CHEMBL4392032,Inhibition of Plasmodium falciparum plasmepsin 4 using EDANS-CO-CH2-CH2-CO-ALERMFLSFP-Dap(DABCYL)OH as substrate measured after 60 mins by fluorescence assay,B,,,BAO_0000190,BAO_0000357,single protein format,CN(C)c1ccc(CNC(=O)[C@@H]2CNC[C@H]2c2ccc(C(F)(F)F)c(F)c2)cc1,,,CHEMBL4390670,J Med Chem,2019,,CHEMBL4483725,,CHEMBL4483725,,False,http://www.openphacts.org/units/Nanomolar,3205283,>,1,True,>,,IC50,nM,,10000.0,CHEMBL3988607,Plasmodium falciparum,Plasmepsin 4,5833,,,IC50,nM,UO_0000065,,10000.0
,19204575,[],CHEMBL4392032,Inhibition of Plasmodium falciparum plasmepsin 4 using EDANS-CO-CH2-CH2-CO-ALERMFLSFP-Dap(DABCYL)OH as substrate measured after 60 mins by fluorescence assay,B,,,BAO_0000190,BAO_0000357,single protein format,CN(C)c1ccc(CNC(=O)[C@@H]2CNC[C@H]2c2ccc(C(F)(F)F)c(Cl)c2)cc1,,,CHEMBL4390670,J Med Chem,2019,,CHEMBL4567098,,CHEMBL4567098,,False,http://www.openphacts.org/units/Nanomolar,3205284,>,1,True,>,,IC50,nM,,10000.0,CHEMBL3988607,Plasmodium falciparum,Plasmepsin 4,5833,,,IC50,nM,UO_0000065,,10000.0
,19204576,[],CHEMBL4392032,Inhibition of Plasmodium falciparum plasmepsin 4 using EDANS-CO-CH2-CH2-CO-ALERMFLSFP-Dap(DABCYL)OH as substrate measured after 60 mins by fluorescence assay,B,,,BAO_0000190,BAO_0000357,single protein format,CN(C)c1ccc(CNC(=O)[C@@H]2CNC[C@H]2c2ccc(Oc3ccccc3)cc2)cc1,,,CHEMBL4390670,J Med Chem,2019,,CHEMBL4453475,,CHEMBL4453475,,False,http://www.openphacts.org/units/Nanomolar,3205285,>,1,True,>,,IC50,nM,,10000.0,CHEMBL3988607,Plasmodium falciparum,Plasmepsin 4,5833,,,IC50,nM,UO_0000065,,10000.0
,19204577,[],CHEMBL4392032,Inhibition of Plasmodium falciparum plasmepsin 4 using EDANS-CO-CH2-CH2-CO-ALERMFLSFP-Dap(DABCYL)OH as substrate measured after 60 mins by fluorescence assay,B,,,BAO_0000190,BAO_0000357,single protein format,CN(C)c1ccc(CNC(=O)[C@H]2CNC[C@@H]2c2ccc(C(F)(F)F)nc2)cc1,,,CHEMBL4390670,J Med Chem,2019,,CHEMBL4475207,,CHEMBL4475207,,False,http://www.openphacts.org/units/Nanomolar,3205286,>,1,True,>,,IC50,nM,,10000.0,CHEMBL3988607,Plasmodium falciparum,Plasmepsin 4,5833,,,IC50,nM,UO_0000065,,10000.0
Not Determined,19204578,[],CHEMBL4392032,Inhibition of Plasmodium falciparum plasmepsin 4 using EDANS-CO-CH2-CH2-CO-ALERMFLSFP-Dap(DABCYL)OH as substrate measured after 60 mins by fluorescence assay,B,,,BAO_0000190,BAO_0000357,single protein format,CN(C)c1ccc(CNC(=O)[C@H]2CNC[C@@H]2c2cnc(C(F)(F)F)nc2)cc1,,,CHEMBL4390670,J Med Chem,2019,,CHEMBL4576672,,CHEMBL4576672,,False,,3205287,,1,False,,,IC50,,,,CHEMBL3988607,Plasmodium falciparum,Plasmepsin 4,5833,,,IC50,,,,
Not Determined,19204579,[],CHEMBL4392032,Inhibition of Plasmodium falciparum plasmepsin 4 using EDANS-CO-CH2-CH2-CO-ALERMFLSFP-Dap(DABCYL)OH as substrate measured after 60 mins by fluorescence assay,B,,,BAO_0000190,BAO_0000357,single protein format,C[C@H](NC(=O)[C@H]1CNC[C@@H]1c1ccc(C(F)(F)F)nc1)c1ccc(N(C)C)cc1,,,CHEMBL4390670,J Med Chem,2019,,CHEMBL4438229,,CHEMBL4438229,,False,,3205288,,1,False,,,IC50,,,,CHEMBL3988607,Plasmodium falciparum,Plasmepsin 4,5833,,,IC50,,,,
Not Determined,19204580,[],CHEMBL4392032,Inhibition of Plasmodium falciparum plasmepsin 4 using EDANS-CO-CH2-CH2-CO-ALERMFLSFP-Dap(DABCYL)OH as substrate measured after 60 mins by fluorescence assay,B,,,BAO_0000190,BAO_0000357,single protein format,C[C@H](NC(=O)[C@H]1CNC[C@@H]1c1ccc(C(F)(F)F)cc1)c1ccc(N(C)C)cc1,,,CHEMBL4390670,J Med Chem,2019,,CHEMBL4436020,,CHEMBL4436020,,False,,3205289,,1,False,,,IC50,,,,CHEMBL3988607,Plasmodium falciparum,Plasmepsin 4,5833,,,IC50,,,,
